INSERT INTO igd_gd
(gdcd, ap_nddt, ap_strdt, ikd_grpcd, ins_imcd, cla_lng_flgcd, gd_ty_flgcd, gd_slnm, gd_shtnm, gd_kornm, gd_ennm, gd_xpnm, gd_per_yn, gd_pernm, gd_per_tpcd, gd_perdt, gd_sl_tpcd, cr_opn_ba_hms, cr_nd_ba_hms, fc_dh_yn, re_unt_flgcd, pym_xmp_unt_flgcd, ppy_prm_prm_yn, ppy_prm_mxpsb_mc, psncl_dbins_prm_yn, cv_ins_av_yn, auto_tf_dc_yn, type_flgcd, type_cn_flgcd, spe_scr_rnw_yn, dv_tpcd, prm_str_flgcd, mw_rtamt_cr_flgcd, nd_rtamt_cr_yn, dgn_gd_yn, auto_rnw_av_yn, prm_inp_flgcd, cu_prm_ocpym_yn, ctu_crdtf_av_yn, cla_ln_av_yn, sb_pym_flgcd, sb_pym_tpcd, age_cc_st_flgcd, bz_mtdrp_csfcd, is_pl_cht_wrtyn, xtn_tpcd, xtntm_rtamt_flgcd, trmcl_expl_ntc_mntct, rmimc_flgcd, gr_is_flgcd, gr_dc_av_yn, gr_mn_is_psct, avg_rt_us_yn, pr_es_prm_yn, lowt_prm_mncd, lowt_prm, cvr_prm_sgdlg_flgcd, apprm_sglr_dl_flgcd, sl_pl_adm_yn, cr_logfl_pst_info, op_envr_cv_yn, ins_trm_bavl, ins_trm_lm, pym_grc_trm, tx_pf_gd_csfcd, sl_pl_op_tpcd, ply_out_tp_flgcd, type_ch_av_yn, gd_dt_scr_yn, dt_scr_id, dc_ap_flgcd, dt_inpsc_xstn_yn, dt_inpsc_id, mw_wdra_av_rt, mw_wdra_str_rndcd, mw_wdra_cr_cyccd, mw_wdra_cr_caseq, dvpns_rpr_ikdcd, gd_exppr_out_yn, marne_nelp_cal_metcd, pect_sl_mntr_bjpcd, prm_inp_tpcd, rntcl_dscrt_ap_yn, gds_mx_dc_lmrt, prm_sb_pym_tpcd, prm_npy_sb_flgcd, scr_idc_ordr, mx_mn_cc_tpcd, rnwdc_fund_chek_yn, rmimc_rkrt_dcl_yn, anul_bzprm_rt_adtm, cc_xcpt_dlcd, indpd_trt_tpcd, indpd_trt_incld_yn, gd_mx_is_age, mx_rnw_trm, sm_prm_mn_yn, rlpmi_md_ins_csfcd, psvn_bj_gd_yn, re_isgd_tpcd, adpym_prm_lm_flgcd, irt_cn_gd_yn, ltrm_gd_grp_csfcd, sof_gd_csfcd, crycd, is_av_oj_tpcd, rtn_tp_info_cd, adpym_av_flgcd, mwwdr_av_flgcd, inp_usr_id, inp_dthms, mdf_usr_id, mdf_dthms)
VALUES('LAA201', '9999-12-31', '2021-04-01', 'LA', 'LAA1010', ' ', ' ', '실손의료비보험(2201.1)', '실손의료비보험(2201.1)', '실손의료비보험(2201.1)', 'Medical Expenses (2201.1)', '카카오 실손의료비 4세대', '1', NULL, NULL, NULL, NULL, NULL, NULL, '0', NULL, ' ', '1', 999, '0', '0', '0', NULL, NULL, '0', NULL, '0300000', NULL, '0', '0', '1', '0', NULL, NULL, NULL, NULL, NULL, NULL, '06', NULL, NULL, NULL, 0, '01', NULL, '0', NULL, '0', '0', NULL, 0.00, NULL, NULL, '0', NULL, '0', NULL, NULL, NULL, NULL, NULL, NULL, NULL, NULL, NULL, NULL, NULL, NULL, 0, NULL, NULL, NULL, NULL, NULL, NULL, NULL, NULL, '0', NULL, NULL, NULL, NULL, NULL, NULL, NULL, NULL, '01', NULL, NULL, NULL, NULL, NULL, NULL, NULL, NULL, NULL, NULL, 'H', '101400', NULL, NULL, NULL, NULL, NULL, 'auto', now(), 'auto', now());
INSERT INTO igd_gd
(gdcd, ap_nddt, ap_strdt, ikd_grpcd, ins_imcd, cla_lng_flgcd, gd_ty_flgcd, gd_slnm, gd_shtnm, gd_kornm, gd_ennm, gd_xpnm, gd_per_yn, gd_pernm, gd_per_tpcd, gd_perdt, gd_sl_tpcd, cr_opn_ba_hms, cr_nd_ba_hms, fc_dh_yn, re_unt_flgcd, pym_xmp_unt_flgcd, ppy_prm_prm_yn, ppy_prm_mxpsb_mc, psncl_dbins_prm_yn, cv_ins_av_yn, auto_tf_dc_yn, type_flgcd, type_cn_flgcd, spe_scr_rnw_yn, dv_tpcd, prm_str_flgcd, mw_rtamt_cr_flgcd, nd_rtamt_cr_yn, dgn_gd_yn, auto_rnw_av_yn, prm_inp_flgcd, cu_prm_ocpym_yn, ctu_crdtf_av_yn, cla_ln_av_yn, sb_pym_flgcd, sb_pym_tpcd, age_cc_st_flgcd, bz_mtdrp_csfcd, is_pl_cht_wrtyn, xtn_tpcd, xtntm_rtamt_flgcd, trmcl_expl_ntc_mntct, rmimc_flgcd, gr_is_flgcd, gr_dc_av_yn, gr_mn_is_psct, avg_rt_us_yn, pr_es_prm_yn, lowt_prm_mncd, lowt_prm, cvr_prm_sgdlg_flgcd, apprm_sglr_dl_flgcd, sl_pl_adm_yn, cr_logfl_pst_info, op_envr_cv_yn, ins_trm_bavl, ins_trm_lm, pym_grc_trm, tx_pf_gd_csfcd, sl_pl_op_tpcd, ply_out_tp_flgcd, type_ch_av_yn, gd_dt_scr_yn, dt_scr_id, dc_ap_flgcd, dt_inpsc_xstn_yn, dt_inpsc_id, mw_wdra_av_rt, mw_wdra_str_rndcd, mw_wdra_cr_cyccd, mw_wdra_cr_caseq, dvpns_rpr_ikdcd, gd_exppr_out_yn, marne_nelp_cal_metcd, pect_sl_mntr_bjpcd, prm_inp_tpcd, rntcl_dscrt_ap_yn, gds_mx_dc_lmrt, prm_sb_pym_tpcd, prm_npy_sb_flgcd, scr_idc_ordr, mx_mn_cc_tpcd, rnwdc_fund_chek_yn, rmimc_rkrt_dcl_yn, anul_bzprm_rt_adtm, cc_xcpt_dlcd, indpd_trt_tpcd, indpd_trt_incld_yn, gd_mx_is_age, mx_rnw_trm, sm_prm_mn_yn, rlpmi_md_ins_csfcd, psvn_bj_gd_yn, re_isgd_tpcd, adpym_prm_lm_flgcd, irt_cn_gd_yn, ltrm_gd_grp_csfcd, sof_gd_csfcd, crycd, is_av_oj_tpcd, rtn_tp_info_cd, adpym_av_flgcd, mwwdr_av_flgcd, inp_usr_id, inp_dthms, mdf_usr_id, mdf_dthms)
VALUES('LAA301', '9999-12-31', '2022-06-01', 'LA', 'LAA3010', ' ', ' ', '카카오 주택화재보험', '주택화재보험(23.01)', '주택화재보험(연만기형)(2301.1)', 'House Fire(2301.1)', '카카오 주택화재보험', '1', NULL, NULL, NULL, NULL, NULL, NULL, '0', NULL, ' ', '1', 999, '0', '0', '0', NULL, NULL, '0', NULL, '0203001', NULL, '0', '0', '1', '0', NULL, NULL, NULL, NULL, NULL, NULL, '01', NULL, NULL, NULL, 0, NULL, NULL, '0', NULL, '0', '0', NULL, 0.00, NULL, NULL, '0', NULL, '0', NULL, NULL, NULL, NULL, NULL, NULL, NULL, NULL, NULL, NULL, NULL, NULL, 0, NULL, NULL, NULL, NULL, NULL, NULL, NULL, NULL, '0', NULL, NULL, NULL, NULL, NULL, NULL, NULL, NULL, NULL, NULL, NULL, NULL, NULL, NULL, NULL, NULL, NULL, NULL, NULL, 'I', '102500', NULL, NULL, NULL, NULL, NULL, 'auto', now(), 'auto', now());
INSERT INTO igd_gd
(gdcd, ap_nddt, ap_strdt, ikd_grpcd, ins_imcd, cla_lng_flgcd, gd_ty_flgcd, gd_slnm, gd_shtnm, gd_kornm, gd_ennm, gd_xpnm, gd_per_yn, gd_pernm, gd_per_tpcd, gd_perdt, gd_sl_tpcd, cr_opn_ba_hms, cr_nd_ba_hms, fc_dh_yn, re_unt_flgcd, pym_xmp_unt_flgcd, ppy_prm_prm_yn, ppy_prm_mxpsb_mc, psncl_dbins_prm_yn, cv_ins_av_yn, auto_tf_dc_yn, type_flgcd, type_cn_flgcd, spe_scr_rnw_yn, dv_tpcd, prm_str_flgcd, mw_rtamt_cr_flgcd, nd_rtamt_cr_yn, dgn_gd_yn, auto_rnw_av_yn, prm_inp_flgcd, cu_prm_ocpym_yn, ctu_crdtf_av_yn, cla_ln_av_yn, sb_pym_flgcd, sb_pym_tpcd, age_cc_st_flgcd, bz_mtdrp_csfcd, is_pl_cht_wrtyn, xtn_tpcd, xtntm_rtamt_flgcd, trmcl_expl_ntc_mntct, rmimc_flgcd, gr_is_flgcd, gr_dc_av_yn, gr_mn_is_psct, avg_rt_us_yn, pr_es_prm_yn, lowt_prm_mncd, lowt_prm, cvr_prm_sgdlg_flgcd, apprm_sglr_dl_flgcd, sl_pl_adm_yn, cr_logfl_pst_info, op_envr_cv_yn, ins_trm_bavl, ins_trm_lm, pym_grc_trm, tx_pf_gd_csfcd, sl_pl_op_tpcd, ply_out_tp_flgcd, type_ch_av_yn, gd_dt_scr_yn, dt_scr_id, dc_ap_flgcd, dt_inpsc_xstn_yn, dt_inpsc_id, mw_wdra_av_rt, mw_wdra_str_rndcd, mw_wdra_cr_cyccd, mw_wdra_cr_caseq, dvpns_rpr_ikdcd, gd_exppr_out_yn, marne_nelp_cal_metcd, pect_sl_mntr_bjpcd, prm_inp_tpcd, rntcl_dscrt_ap_yn, gds_mx_dc_lmrt, prm_sb_pym_tpcd, prm_npy_sb_flgcd, scr_idc_ordr, mx_mn_cc_tpcd, rnwdc_fund_chek_yn, rmimc_rkrt_dcl_yn, anul_bzprm_rt_adtm, cc_xcpt_dlcd, indpd_trt_tpcd, indpd_trt_incld_yn, gd_mx_is_age, mx_rnw_trm, sm_prm_mn_yn, rlpmi_md_ins_csfcd, psvn_bj_gd_yn, re_isgd_tpcd, adpym_prm_lm_flgcd, irt_cn_gd_yn, ltrm_gd_grp_csfcd, sof_gd_csfcd, crycd, is_av_oj_tpcd, rtn_tp_info_cd, adpym_av_flgcd, mwwdr_av_flgcd, inp_usr_id, inp_dthms, mdf_usr_id, mdf_dthms)
VALUES('LAA401', '9999-12-31', '2022-06-01', 'LA', 'LAA4010', ' ', ' ', '카카오 주택화재보험', '주택화재보험(23.01)', '주택화재보험(세만기형)(2301.1)', 'House Fire(2301.1)', '카카오 주택화재보험', '1', NULL, NULL, NULL, NULL, NULL, NULL, '0', NULL, ' ', '1', 999, '0', '0', '0', NULL, NULL, '0', NULL, '0203001', NULL, '0', '0', '1', '0', NULL, NULL, NULL, NULL, NULL, NULL, '01', NULL, NULL, NULL, 0, NULL, NULL, '0', NULL, '0', '0', NULL, 0.00, NULL, NULL, '0', NULL, '0', NULL, NULL, NULL, NULL, NULL, NULL, NULL, NULL, NULL, NULL, NULL, NULL, 0, NULL, NULL, NULL, NULL, NULL, NULL, NULL, NULL, '0', NULL, NULL, NULL, NULL, NULL, NULL, NULL, NULL, NULL, NULL, NULL, NULL, NULL, NULL, NULL, NULL, NULL, NULL, NULL, 'I', '102300', NULL, NULL, NULL, NULL, NULL, 'auto', now(), 'auto', now());
INSERT INTO igd_gd_cvr
(aid, gdcd, cvrcd, ap_nddt, ap_strdt, cvr_prsnm, cvr_kornm, cvr_hngl_shtnm, cvr_ennm, cvr_eng_shtnm, cvr_perdt, cvr_cla_cn, cvr_ba_trt_flgcd, is_bj_yn, isamt_need_yn, prm_adm_yn, prm_sum_bj_yn, cr_lvl_cvr_yn, pblct_out_yn, scr_idc_cvr_gpcd, pym_xmp_av_yn, xtn_av_yn, dt_inpsc_xstn_yn, age_wkct_flgcd, mn_is_age, mx_is_age, is_av_sexcd, mrrd_bj_cvr_yn, onw_cla_flgcd, invc_out_prg, ply_out_prg_1, ply_out_prg_2, inp_rt_yn, lowt_inp_rt, mx_inp_rt, mdcs_rgt_bj_yn, auto_rnw_av_yn, cvr_dbis_flgcd, rnw_af_cvrcd, is_av_drve_tycd, is_av_rel_flgcd, pym_cyccd, sl_strdt, sl_nddt, dt_scr_id, rnw_xc_cvr_yn, rl_sl_opndt, rl_sl_nddt, coobj_is_av_yn, pymtm_atnd_mtt, nrdps_sl_strdt, nrdps_sl_nddt, rlpmi_cvr_yn, cvr_trt_gp_flgcd, rnw_cvr_nclm_dscrt, rwcvr_nclm_ad_dscrt, rwcvr_nclm_ad_dctrm, rmimc_xcpt_prmex_bjyn, prs_clm_cvrcd, cvr_xcpt_dlcd, nds_xc_flgcd, clm_nds_xc_cvrcd, cvr_dc_flgcd, indpd_trt_yn, indpd_trt_gdcd, gd_cvr_dscrt, sb_pym_tpcd, cvr_xtn_dl_flgcd, cla_seqno, ibnr_flgcd, inp_usr_id, inp_dthms, mdf_usr_id, mdf_dthms)
VALUES(1, 'LAA201', 'LBAA0001', '9999-12-31', '2021-04-01', '엄마담보(태아처리용)', '엄마담보(태아처리용)', '엄마담보(태아처리용)', 'Mommy''s clause', 'Mommy''s clause', NULL, NULL, '06', '1', '1', '1', '1', '0', '1', NULL, NULL, NULL, '0', NULL, 0, 0, NULL, '0', NULL, NULL, NULL, NULL, NULL, 0.0000000, 0.0000000, NULL, NULL, NULL, NULL, NULL, NULL, NULL, '9999-12-31', '9999-12-31', NULL, '0', NULL, NULL, NULL, NULL, NULL, NULL, NULL, NULL, NULL, 0.00, 0, NULL, NULL, NULL, NULL, NULL, NULL, NULL, NULL, 0.00, NULL, NULL, 0, NULL, 'auto', now(), 'auto', now());
INSERT INTO igd_gd_cvr
(aid, gdcd, cvrcd, ap_nddt, ap_strdt, cvr_prsnm, cvr_kornm, cvr_hngl_shtnm, cvr_ennm, cvr_eng_shtnm, cvr_perdt, cvr_cla_cn, cvr_ba_trt_flgcd, is_bj_yn, isamt_need_yn, prm_adm_yn, prm_sum_bj_yn, cr_lvl_cvr_yn, pblct_out_yn, scr_idc_cvr_gpcd, pym_xmp_av_yn, xtn_av_yn, dt_inpsc_xstn_yn, age_wkct_flgcd, mn_is_age, mx_is_age, is_av_sexcd, mrrd_bj_cvr_yn, onw_cla_flgcd, invc_out_prg, ply_out_prg_1, ply_out_prg_2, inp_rt_yn, lowt_inp_rt, mx_inp_rt, mdcs_rgt_bj_yn, auto_rnw_av_yn, cvr_dbis_flgcd, rnw_af_cvrcd, is_av_drve_tycd, is_av_rel_flgcd, pym_cyccd, sl_strdt, sl_nddt, dt_scr_id, rnw_xc_cvr_yn, rl_sl_opndt, rl_sl_nddt, coobj_is_av_yn, pymtm_atnd_mtt, nrdps_sl_strdt, nrdps_sl_nddt, rlpmi_cvr_yn, cvr_trt_gp_flgcd, rnw_cvr_nclm_dscrt, rwcvr_nclm_ad_dscrt, rwcvr_nclm_ad_dctrm, rmimc_xcpt_prmex_bjyn, prs_clm_cvrcd, cvr_xcpt_dlcd, nds_xc_flgcd, clm_nds_xc_cvrcd, cvr_dc_flgcd, indpd_trt_yn, indpd_trt_gdcd, gd_cvr_dscrt, sb_pym_tpcd, cvr_xtn_dl_flgcd, cla_seqno, ibnr_flgcd, inp_usr_id, inp_dthms, mdf_usr_id, mdf_dthms)
VALUES(2, 'LAA201', 'LGAA0001', '9999-12-31', '2021-04-01', '상해급여 실손의료비', '상해급여 실손의료비', '상해급여 실손의료비', 'Medical Expenses (G_Injuries)', 'Medical Expenses (G_Injuries)', NULL, NULL, '01', '1', '1', '1', '1', '0', '1', NULL, NULL, NULL, '0', NULL, 0, 0, NULL, '0', NULL, NULL, NULL, NULL, NULL, 0.0000000, 0.0000000, NULL, NULL, NULL, NULL, '05', NULL, NULL, '9999-12-31', '9999-12-31', NULL, '0', NULL, NULL, NULL, NULL, NULL, NULL, NULL, NULL, NULL, 0.00, 0, NULL, NULL, NULL, NULL, NULL, NULL, NULL, NULL, 0.00, NULL, NULL, 0, '4', 'auto', now(), 'auto', now());
INSERT INTO igd_gd_cvr
(aid, gdcd, cvrcd, ap_nddt, ap_strdt, cvr_prsnm, cvr_kornm, cvr_hngl_shtnm, cvr_ennm, cvr_eng_shtnm, cvr_perdt, cvr_cla_cn, cvr_ba_trt_flgcd, is_bj_yn, isamt_need_yn, prm_adm_yn, prm_sum_bj_yn, cr_lvl_cvr_yn, pblct_out_yn, scr_idc_cvr_gpcd, pym_xmp_av_yn, xtn_av_yn, dt_inpsc_xstn_yn, age_wkct_flgcd, mn_is_age, mx_is_age, is_av_sexcd, mrrd_bj_cvr_yn, onw_cla_flgcd, invc_out_prg, ply_out_prg_1, ply_out_prg_2, inp_rt_yn, lowt_inp_rt, mx_inp_rt, mdcs_rgt_bj_yn, auto_rnw_av_yn, cvr_dbis_flgcd, rnw_af_cvrcd, is_av_drve_tycd, is_av_rel_flgcd, pym_cyccd, sl_strdt, sl_nddt, dt_scr_id, rnw_xc_cvr_yn, rl_sl_opndt, rl_sl_nddt, coobj_is_av_yn, pymtm_atnd_mtt, nrdps_sl_strdt, nrdps_sl_nddt, rlpmi_cvr_yn, cvr_trt_gp_flgcd, rnw_cvr_nclm_dscrt, rwcvr_nclm_ad_dscrt, rwcvr_nclm_ad_dctrm, rmimc_xcpt_prmex_bjyn, prs_clm_cvrcd, cvr_xcpt_dlcd, nds_xc_flgcd, clm_nds_xc_cvrcd, cvr_dc_flgcd, indpd_trt_yn, indpd_trt_gdcd, gd_cvr_dscrt, sb_pym_tpcd, cvr_xtn_dl_flgcd, cla_seqno, ibnr_flgcd, inp_usr_id, inp_dthms, mdf_usr_id, mdf_dthms)
VALUES(3, 'LAA201', 'LGAA0002', '9999-12-31', '2021-04-01', '상해비급여 실손의료비', '상해비급여 실손의료비', '상해비급여 실손의료비', 'Medical Expenses (B_Injuries)', 'Medical Expenses (B_Injuries)', NULL, NULL, '02', '1', '1', '1', '1', '0', '1', NULL, NULL, NULL, '0', NULL, 0, 0, NULL, '0', NULL, NULL, NULL, NULL, NULL, 0.0000000, 0.0000000, NULL, NULL, NULL, NULL, '05', NULL, NULL, '9999-12-31', '9999-12-31', NULL, '0', NULL, NULL, NULL, NULL, NULL, NULL, NULL, NULL, NULL, 0.00, 0, NULL, NULL, NULL, NULL, NULL, NULL, NULL, NULL, 0.00, NULL, NULL, 0, '4', 'auto', now(), 'auto', now());
INSERT INTO igd_gd_cvr
(aid, gdcd, cvrcd, ap_nddt, ap_strdt, cvr_prsnm, cvr_kornm, cvr_hngl_shtnm, cvr_ennm, cvr_eng_shtnm, cvr_perdt, cvr_cla_cn, cvr_ba_trt_flgcd, is_bj_yn, isamt_need_yn, prm_adm_yn, prm_sum_bj_yn, cr_lvl_cvr_yn, pblct_out_yn, scr_idc_cvr_gpcd, pym_xmp_av_yn, xtn_av_yn, dt_inpsc_xstn_yn, age_wkct_flgcd, mn_is_age, mx_is_age, is_av_sexcd, mrrd_bj_cvr_yn, onw_cla_flgcd, invc_out_prg, ply_out_prg_1, ply_out_prg_2, inp_rt_yn, lowt_inp_rt, mx_inp_rt, mdcs_rgt_bj_yn, auto_rnw_av_yn, cvr_dbis_flgcd, rnw_af_cvrcd, is_av_drve_tycd, is_av_rel_flgcd, pym_cyccd, sl_strdt, sl_nddt, dt_scr_id, rnw_xc_cvr_yn, rl_sl_opndt, rl_sl_nddt, coobj_is_av_yn, pymtm_atnd_mtt, nrdps_sl_strdt, nrdps_sl_nddt, rlpmi_cvr_yn, cvr_trt_gp_flgcd, rnw_cvr_nclm_dscrt, rwcvr_nclm_ad_dscrt, rwcvr_nclm_ad_dctrm, rmimc_xcpt_prmex_bjyn, prs_clm_cvrcd, cvr_xcpt_dlcd, nds_xc_flgcd, clm_nds_xc_cvrcd, cvr_dc_flgcd, indpd_trt_yn, indpd_trt_gdcd, gd_cvr_dscrt, sb_pym_tpcd, cvr_xtn_dl_flgcd, cla_seqno, ibnr_flgcd, inp_usr_id, inp_dthms, mdf_usr_id, mdf_dthms)
VALUES(4, 'LAA201', 'LGAA0003', '9999-12-31', '2021-04-01', '[테스트용] 상해3대비급여 실손의료비', '[테스트용] 상해3대비급여 실손의료비', '[테스트용] 상해3대비급여 실손의료비', 'Medical Expenses (B_3_Injuries)', 'Medical Expenses (B_3_Injuries)', NULL, NULL, '02', '1', '1', '1', '1', '0', '1', NULL, NULL, NULL, '0', NULL, 0, 0, NULL, '0', NULL, NULL, NULL, NULL, NULL, 0.0000000, 0.0000000, NULL, NULL, NULL, NULL, '05', NULL, NULL, '9999-12-31', '9999-12-31', NULL, '0', NULL, NULL, NULL, NULL, NULL, NULL, NULL, NULL, NULL, 0.00, 0, NULL, NULL, NULL, NULL, NULL, NULL, NULL, NULL, 0.00, NULL, NULL, 0, '4', 'auto', now(), 'auto', now());
INSERT INTO igd_gd_cvr
(aid, gdcd, cvrcd, ap_nddt, ap_strdt, cvr_prsnm, cvr_kornm, cvr_hngl_shtnm, cvr_ennm, cvr_eng_shtnm, cvr_perdt, cvr_cla_cn, cvr_ba_trt_flgcd, is_bj_yn, isamt_need_yn, prm_adm_yn, prm_sum_bj_yn, cr_lvl_cvr_yn, pblct_out_yn, scr_idc_cvr_gpcd, pym_xmp_av_yn, xtn_av_yn, dt_inpsc_xstn_yn, age_wkct_flgcd, mn_is_age, mx_is_age, is_av_sexcd, mrrd_bj_cvr_yn, onw_cla_flgcd, invc_out_prg, ply_out_prg_1, ply_out_prg_2, inp_rt_yn, lowt_inp_rt, mx_inp_rt, mdcs_rgt_bj_yn, auto_rnw_av_yn, cvr_dbis_flgcd, rnw_af_cvrcd, is_av_drve_tycd, is_av_rel_flgcd, pym_cyccd, sl_strdt, sl_nddt, dt_scr_id, rnw_xc_cvr_yn, rl_sl_opndt, rl_sl_nddt, coobj_is_av_yn, pymtm_atnd_mtt, nrdps_sl_strdt, nrdps_sl_nddt, rlpmi_cvr_yn, cvr_trt_gp_flgcd, rnw_cvr_nclm_dscrt, rwcvr_nclm_ad_dscrt, rwcvr_nclm_ad_dctrm, rmimc_xcpt_prmex_bjyn, prs_clm_cvrcd, cvr_xcpt_dlcd, nds_xc_flgcd, clm_nds_xc_cvrcd, cvr_dc_flgcd, indpd_trt_yn, indpd_trt_gdcd, gd_cvr_dscrt, sb_pym_tpcd, cvr_xtn_dl_flgcd, cla_seqno, ibnr_flgcd, inp_usr_id, inp_dthms, mdf_usr_id, mdf_dthms)
VALUES(5, 'LAA201', 'LGBA0001', '9999-12-31', '2021-04-01', '질병급여 실손의료비', '질병급여 실손의료비', '질병급여 실손의료비', 'Medical Expenses (G_Disease)', 'Medical Expenses (G_Disease)', NULL, NULL, '01', '1', '1', '1', '1', '0', '1', NULL, NULL, NULL, '0', NULL, 0, 0, NULL, '0', NULL, NULL, NULL, NULL, NULL, 0.0000000, 0.0000000, NULL, NULL, NULL, NULL, '05', NULL, NULL, '9999-12-31', '9999-12-31', NULL, '0', NULL, NULL, NULL, NULL, NULL, NULL, NULL, NULL, NULL, 0.00, 0, NULL, NULL, NULL, NULL, NULL, NULL, NULL, NULL, 0.00, NULL, NULL, 0, '4', 'auto', now(), 'auto', now());
INSERT INTO igd_gd_cvr
(aid, gdcd, cvrcd, ap_nddt, ap_strdt, cvr_prsnm, cvr_kornm, cvr_hngl_shtnm, cvr_ennm, cvr_eng_shtnm, cvr_perdt, cvr_cla_cn, cvr_ba_trt_flgcd, is_bj_yn, isamt_need_yn, prm_adm_yn, prm_sum_bj_yn, cr_lvl_cvr_yn, pblct_out_yn, scr_idc_cvr_gpcd, pym_xmp_av_yn, xtn_av_yn, dt_inpsc_xstn_yn, age_wkct_flgcd, mn_is_age, mx_is_age, is_av_sexcd, mrrd_bj_cvr_yn, onw_cla_flgcd, invc_out_prg, ply_out_prg_1, ply_out_prg_2, inp_rt_yn, lowt_inp_rt, mx_inp_rt, mdcs_rgt_bj_yn, auto_rnw_av_yn, cvr_dbis_flgcd, rnw_af_cvrcd, is_av_drve_tycd, is_av_rel_flgcd, pym_cyccd, sl_strdt, sl_nddt, dt_scr_id, rnw_xc_cvr_yn, rl_sl_opndt, rl_sl_nddt, coobj_is_av_yn, pymtm_atnd_mtt, nrdps_sl_strdt, nrdps_sl_nddt, rlpmi_cvr_yn, cvr_trt_gp_flgcd, rnw_cvr_nclm_dscrt, rwcvr_nclm_ad_dscrt, rwcvr_nclm_ad_dctrm, rmimc_xcpt_prmex_bjyn, prs_clm_cvrcd, cvr_xcpt_dlcd, nds_xc_flgcd, clm_nds_xc_cvrcd, cvr_dc_flgcd, indpd_trt_yn, indpd_trt_gdcd, gd_cvr_dscrt, sb_pym_tpcd, cvr_xtn_dl_flgcd, cla_seqno, ibnr_flgcd, inp_usr_id, inp_dthms, mdf_usr_id, mdf_dthms)
VALUES(6, 'LAA201', 'LGBA0002', '9999-12-31', '2021-04-01', '질병비급여 실손의료비', '질병비급여 실손의료비', '질병비급여 실손의료비', 'Medical Expenses (B_Disease)', 'Medical Expenses (B_Disease)', NULL, NULL, '02', '1', '1', '1', '1', '0', '1', NULL, NULL, NULL, '0', NULL, 0, 0, NULL, '0', NULL, NULL, NULL, NULL, NULL, 0.0000000, 0.0000000, NULL, NULL, NULL, NULL, '05', NULL, NULL, '9999-12-31', '9999-12-31', NULL, '0', NULL, NULL, NULL, NULL, NULL, NULL, NULL, NULL, NULL, 0.00, 0, NULL, NULL, NULL, NULL, NULL, NULL, NULL, NULL, 0.00, NULL, NULL, 0, '4', 'auto', now(), 'auto', now());
INSERT INTO igd_gd_cvr
(aid, gdcd, cvrcd, ap_nddt, ap_strdt, cvr_prsnm, cvr_kornm, cvr_hngl_shtnm, cvr_ennm, cvr_eng_shtnm, cvr_perdt, cvr_cla_cn, cvr_ba_trt_flgcd, is_bj_yn, isamt_need_yn, prm_adm_yn, prm_sum_bj_yn, cr_lvl_cvr_yn, pblct_out_yn, scr_idc_cvr_gpcd, pym_xmp_av_yn, xtn_av_yn, dt_inpsc_xstn_yn, age_wkct_flgcd, mn_is_age, mx_is_age, is_av_sexcd, mrrd_bj_cvr_yn, onw_cla_flgcd, invc_out_prg, ply_out_prg_1, ply_out_prg_2, inp_rt_yn, lowt_inp_rt, mx_inp_rt, mdcs_rgt_bj_yn, auto_rnw_av_yn, cvr_dbis_flgcd, rnw_af_cvrcd, is_av_drve_tycd, is_av_rel_flgcd, pym_cyccd, sl_strdt, sl_nddt, dt_scr_id, rnw_xc_cvr_yn, rl_sl_opndt, rl_sl_nddt, coobj_is_av_yn, pymtm_atnd_mtt, nrdps_sl_strdt, nrdps_sl_nddt, rlpmi_cvr_yn, cvr_trt_gp_flgcd, rnw_cvr_nclm_dscrt, rwcvr_nclm_ad_dscrt, rwcvr_nclm_ad_dctrm, rmimc_xcpt_prmex_bjyn, prs_clm_cvrcd, cvr_xcpt_dlcd, nds_xc_flgcd, clm_nds_xc_cvrcd, cvr_dc_flgcd, indpd_trt_yn, indpd_trt_gdcd, gd_cvr_dscrt, sb_pym_tpcd, cvr_xtn_dl_flgcd, cla_seqno, ibnr_flgcd, inp_usr_id, inp_dthms, mdf_usr_id, mdf_dthms)
VALUES(7, 'LAA201', 'LGBA0003', '9999-12-31', '2021-04-01', '[테스트용] 질병3대비급여 실손의료비', '[테스트용] 질병3대비급여 실손의료비', '[테스트용] 질병3대비급여 실손의료비', 'Medical Expenses (B_3_Disease)', 'Medical Expenses (B_3_Disease)', NULL, NULL, '02', '1', '1', '1', '1', '0', '1', NULL, NULL, NULL, '0', NULL, 0, 0, NULL, '0', NULL, NULL, NULL, NULL, NULL, 0.0000000, 0.0000000, NULL, NULL, NULL, NULL, '05', NULL, NULL, '9999-12-31', '9999-12-31', NULL, '0', NULL, NULL, NULL, NULL, NULL, NULL, NULL, NULL, NULL, 0.00, 0, NULL, NULL, NULL, NULL, NULL, NULL, NULL, NULL, 0.00, NULL, NULL, 0, '4', 'auto', now(), 'auto', now());
INSERT INTO igd_gd_cvr
(aid, gdcd, cvrcd, ap_nddt, ap_strdt, cvr_prsnm, cvr_kornm, cvr_hngl_shtnm, cvr_ennm, cvr_eng_shtnm, cvr_perdt, cvr_cla_cn, cvr_ba_trt_flgcd, is_bj_yn, isamt_need_yn, prm_adm_yn, prm_sum_bj_yn, cr_lvl_cvr_yn, pblct_out_yn, scr_idc_cvr_gpcd, pym_xmp_av_yn, xtn_av_yn, dt_inpsc_xstn_yn, age_wkct_flgcd, mn_is_age, mx_is_age, is_av_sexcd, mrrd_bj_cvr_yn, onw_cla_flgcd, invc_out_prg, ply_out_prg_1, ply_out_prg_2, inp_rt_yn, lowt_inp_rt, mx_inp_rt, mdcs_rgt_bj_yn, auto_rnw_av_yn, cvr_dbis_flgcd, rnw_af_cvrcd, is_av_drve_tycd, is_av_rel_flgcd, pym_cyccd, sl_strdt, sl_nddt, dt_scr_id, rnw_xc_cvr_yn, rl_sl_opndt, rl_sl_nddt, coobj_is_av_yn, pymtm_atnd_mtt, nrdps_sl_strdt, nrdps_sl_nddt, rlpmi_cvr_yn, cvr_trt_gp_flgcd, rnw_cvr_nclm_dscrt, rwcvr_nclm_ad_dscrt, rwcvr_nclm_ad_dctrm, rmimc_xcpt_prmex_bjyn, prs_clm_cvrcd, cvr_xcpt_dlcd, nds_xc_flgcd, clm_nds_xc_cvrcd, cvr_dc_flgcd, indpd_trt_yn, indpd_trt_gdcd, gd_cvr_dscrt, sb_pym_tpcd, cvr_xtn_dl_flgcd, cla_seqno, ibnr_flgcd, inp_usr_id, inp_dthms, mdf_usr_id, mdf_dthms)
VALUES(8, 'LAA201', 'LGCA0001', '9999-12-31', '2021-04-01', '3대비급여 실손의료비', '3대비급여 실손의료비', '3대비급여 실손의료비', 'Medical Expenses (B_3)', 'Medical Expenses (B_3)', NULL, NULL, '02', '1', '1', '1', '1', '0', '1', NULL, NULL, NULL, '0', NULL, 0, 0, NULL, '0', NULL, NULL, NULL, NULL, NULL, 0.0000000, 0.0000000, NULL, NULL, NULL, NULL, '05', NULL, NULL, '9999-12-31', '9999-12-31', NULL, '0', NULL, NULL, NULL, NULL, NULL, NULL, NULL, NULL, NULL, 0.00, 0, NULL, NULL, NULL, NULL, NULL, NULL, NULL, NULL, 0.00, NULL, NULL, 0, '4', 'auto', now(), 'auto', now());
INSERT INTO igd_gd_cvr
(aid, gdcd, cvrcd, ap_nddt, ap_strdt, cvr_prsnm, cvr_kornm, cvr_hngl_shtnm, cvr_ennm, cvr_eng_shtnm, cvr_perdt, cvr_cla_cn, cvr_ba_trt_flgcd, is_bj_yn, isamt_need_yn, prm_adm_yn, prm_sum_bj_yn, cr_lvl_cvr_yn, pblct_out_yn, scr_idc_cvr_gpcd, pym_xmp_av_yn, xtn_av_yn, dt_inpsc_xstn_yn, age_wkct_flgcd, mn_is_age, mx_is_age, is_av_sexcd, mrrd_bj_cvr_yn, onw_cla_flgcd, invc_out_prg, ply_out_prg_1, ply_out_prg_2, inp_rt_yn, lowt_inp_rt, mx_inp_rt, mdcs_rgt_bj_yn, auto_rnw_av_yn, cvr_dbis_flgcd, rnw_af_cvrcd, is_av_drve_tycd, is_av_rel_flgcd, pym_cyccd, sl_strdt, sl_nddt, dt_scr_id, rnw_xc_cvr_yn, rl_sl_opndt, rl_sl_nddt, coobj_is_av_yn, pymtm_atnd_mtt, nrdps_sl_strdt, nrdps_sl_nddt, rlpmi_cvr_yn, cvr_trt_gp_flgcd, rnw_cvr_nclm_dscrt, rwcvr_nclm_ad_dscrt, rwcvr_nclm_ad_dctrm, rmimc_xcpt_prmex_bjyn, prs_clm_cvrcd, cvr_xcpt_dlcd, nds_xc_flgcd, clm_nds_xc_cvrcd, cvr_dc_flgcd, indpd_trt_yn, indpd_trt_gdcd, gd_cvr_dscrt, sb_pym_tpcd, cvr_xtn_dl_flgcd, cla_seqno, ibnr_flgcd, inp_usr_id, inp_dthms, mdf_usr_id, mdf_dthms)
VALUES(9, 'LAA301', 'LBAA0002', '9999-12-31', '2022-06-01', '상해사망', '상해사망', '상해사망', 'Death(Injuries)', 'Death(Injuries)', NULL, NULL, '02', '1', '1', '1', '1', '0', '1', NULL, NULL, NULL, '0', NULL, 0, 0, NULL, '0', NULL, NULL, NULL, NULL, NULL, 0.0000000, 0.0000000, NULL, NULL, NULL, NULL, '05', NULL, NULL, '9999-12-31', '9999-12-31', NULL, '0', NULL, NULL, NULL, NULL, NULL, NULL, NULL, NULL, NULL, 0.00, 0, NULL, NULL, NULL, NULL, NULL, NULL, NULL, NULL, 0.00, NULL, NULL, 0, '1', 'auto', now(), 'auto', now());
INSERT INTO igd_gd_cvr
(aid, gdcd, cvrcd, ap_nddt, ap_strdt, cvr_prsnm, cvr_kornm, cvr_hngl_shtnm, cvr_ennm, cvr_eng_shtnm, cvr_perdt, cvr_cla_cn, cvr_ba_trt_flgcd, is_bj_yn, isamt_need_yn, prm_adm_yn, prm_sum_bj_yn, cr_lvl_cvr_yn, pblct_out_yn, scr_idc_cvr_gpcd, pym_xmp_av_yn, xtn_av_yn, dt_inpsc_xstn_yn, age_wkct_flgcd, mn_is_age, mx_is_age, is_av_sexcd, mrrd_bj_cvr_yn, onw_cla_flgcd, invc_out_prg, ply_out_prg_1, ply_out_prg_2, inp_rt_yn, lowt_inp_rt, mx_inp_rt, mdcs_rgt_bj_yn, auto_rnw_av_yn, cvr_dbis_flgcd, rnw_af_cvrcd, is_av_drve_tycd, is_av_rel_flgcd, pym_cyccd, sl_strdt, sl_nddt, dt_scr_id, rnw_xc_cvr_yn, rl_sl_opndt, rl_sl_nddt, coobj_is_av_yn, pymtm_atnd_mtt, nrdps_sl_strdt, nrdps_sl_nddt, rlpmi_cvr_yn, cvr_trt_gp_flgcd, rnw_cvr_nclm_dscrt, rwcvr_nclm_ad_dscrt, rwcvr_nclm_ad_dctrm, rmimc_xcpt_prmex_bjyn, prs_clm_cvrcd, cvr_xcpt_dlcd, nds_xc_flgcd, clm_nds_xc_cvrcd, cvr_dc_flgcd, indpd_trt_yn, indpd_trt_gdcd, gd_cvr_dscrt, sb_pym_tpcd, cvr_xtn_dl_flgcd, cla_seqno, ibnr_flgcd, inp_usr_id, inp_dthms, mdf_usr_id, mdf_dthms)
VALUES(10, 'LAA301', 'LBAA0003', '9999-12-31', '2022-06-01', '화재 및 붕괴 등의 상해 사망', '화재 및 붕괴 등의 상해 사망', '화재 및 붕괴 등의 상해 사망', 'Death(Fire, Collapse, etc.)', 'Death(Fire, Collapse, etc.)', NULL, NULL, '02', '1', '1', '1', '1', '0', '1', NULL, NULL, NULL, '0', NULL, 0, 0, NULL, '0', NULL, NULL, NULL, NULL, NULL, 0.0000000, 0.0000000, NULL, NULL, NULL, NULL, '05', NULL, NULL, '9999-12-31', '9999-12-31', NULL, '0', NULL, NULL, NULL, NULL, NULL, NULL, NULL, NULL, NULL, 0.00, 0, NULL, NULL, NULL, NULL, NULL, NULL, NULL, NULL, 0.00, NULL, NULL, 0, '1', 'auto', now(), 'auto', now());
INSERT INTO igd_gd_cvr
(aid, gdcd, cvrcd, ap_nddt, ap_strdt, cvr_prsnm, cvr_kornm, cvr_hngl_shtnm, cvr_ennm, cvr_eng_shtnm, cvr_perdt, cvr_cla_cn, cvr_ba_trt_flgcd, is_bj_yn, isamt_need_yn, prm_adm_yn, prm_sum_bj_yn, cr_lvl_cvr_yn, pblct_out_yn, scr_idc_cvr_gpcd, pym_xmp_av_yn, xtn_av_yn, dt_inpsc_xstn_yn, age_wkct_flgcd, mn_is_age, mx_is_age, is_av_sexcd, mrrd_bj_cvr_yn, onw_cla_flgcd, invc_out_prg, ply_out_prg_1, ply_out_prg_2, inp_rt_yn, lowt_inp_rt, mx_inp_rt, mdcs_rgt_bj_yn, auto_rnw_av_yn, cvr_dbis_flgcd, rnw_af_cvrcd, is_av_drve_tycd, is_av_rel_flgcd, pym_cyccd, sl_strdt, sl_nddt, dt_scr_id, rnw_xc_cvr_yn, rl_sl_opndt, rl_sl_nddt, coobj_is_av_yn, pymtm_atnd_mtt, nrdps_sl_strdt, nrdps_sl_nddt, rlpmi_cvr_yn, cvr_trt_gp_flgcd, rnw_cvr_nclm_dscrt, rwcvr_nclm_ad_dscrt, rwcvr_nclm_ad_dctrm, rmimc_xcpt_prmex_bjyn, prs_clm_cvrcd, cvr_xcpt_dlcd, nds_xc_flgcd, clm_nds_xc_cvrcd, cvr_dc_flgcd, indpd_trt_yn, indpd_trt_gdcd, gd_cvr_dscrt, sb_pym_tpcd, cvr_xtn_dl_flgcd, cla_seqno, ibnr_flgcd, inp_usr_id, inp_dthms, mdf_usr_id, mdf_dthms)
VALUES(11, 'LAA301', 'LBAB0001', '9999-12-31', '2022-06-01', '상해 후유장해(3~100%)', '상해 후유장해(3~100%)', '상해 후유장해(3~100%)', 'Disability(3~100%)(Injuries)', 'Disability(3~100%)(Injuries)', NULL, NULL, '02', '1', '1', '1', '1', '0', '1', NULL, NULL, NULL, '0', NULL, 0, 0, NULL, '0', NULL, NULL, NULL, NULL, NULL, 0.0000000, 0.0000000, NULL, NULL, NULL, NULL, '05', NULL, NULL, '9999-12-31', '9999-12-31', NULL, '0', NULL, NULL, NULL, NULL, NULL, NULL, NULL, NULL, NULL, 0.00, 0, NULL, NULL, NULL, NULL, NULL, NULL, NULL, NULL, 0.00, NULL, NULL, 0, '2', 'auto', now(), 'auto', now());
INSERT INTO igd_gd_cvr
(aid, gdcd, cvrcd, ap_nddt, ap_strdt, cvr_prsnm, cvr_kornm, cvr_hngl_shtnm, cvr_ennm, cvr_eng_shtnm, cvr_perdt, cvr_cla_cn, cvr_ba_trt_flgcd, is_bj_yn, isamt_need_yn, prm_adm_yn, prm_sum_bj_yn, cr_lvl_cvr_yn, pblct_out_yn, scr_idc_cvr_gpcd, pym_xmp_av_yn, xtn_av_yn, dt_inpsc_xstn_yn, age_wkct_flgcd, mn_is_age, mx_is_age, is_av_sexcd, mrrd_bj_cvr_yn, onw_cla_flgcd, invc_out_prg, ply_out_prg_1, ply_out_prg_2, inp_rt_yn, lowt_inp_rt, mx_inp_rt, mdcs_rgt_bj_yn, auto_rnw_av_yn, cvr_dbis_flgcd, rnw_af_cvrcd, is_av_drve_tycd, is_av_rel_flgcd, pym_cyccd, sl_strdt, sl_nddt, dt_scr_id, rnw_xc_cvr_yn, rl_sl_opndt, rl_sl_nddt, coobj_is_av_yn, pymtm_atnd_mtt, nrdps_sl_strdt, nrdps_sl_nddt, rlpmi_cvr_yn, cvr_trt_gp_flgcd, rnw_cvr_nclm_dscrt, rwcvr_nclm_ad_dscrt, rwcvr_nclm_ad_dctrm, rmimc_xcpt_prmex_bjyn, prs_clm_cvrcd, cvr_xcpt_dlcd, nds_xc_flgcd, clm_nds_xc_cvrcd, cvr_dc_flgcd, indpd_trt_yn, indpd_trt_gdcd, gd_cvr_dscrt, sb_pym_tpcd, cvr_xtn_dl_flgcd, cla_seqno, ibnr_flgcd, inp_usr_id, inp_dthms, mdf_usr_id, mdf_dthms)
VALUES(12, 'LAA301', 'LBAB0002', '9999-12-31', '2022-06-01', '화재 및 붕괴 등의 상해 후유장해(3~100%)', '화재 및 붕괴 등의 상해 후유장해(3~100%)', '화재 및 붕괴 등의 상해 후유장해(3~100%)', 'Disability(3~100%)(Fire, Collapse, etc.)', 'Disability(3~100%)(Fire, Collapse, etc.)', NULL, NULL, '02', '1', '1', '1', '1', '0', '1', NULL, NULL, NULL, '0', NULL, 0, 0, NULL, '0', NULL, NULL, NULL, NULL, NULL, 0.0000000, 0.0000000, NULL, NULL, NULL, NULL, '05', NULL, NULL, '9999-12-31', '9999-12-31', NULL, '0', NULL, NULL, NULL, NULL, NULL, NULL, NULL, NULL, NULL, 0.00, 0, NULL, NULL, NULL, NULL, NULL, NULL, NULL, NULL, 0.00, NULL, NULL, 0, '2', 'auto', now(), 'auto', now());
INSERT INTO igd_gd_cvr
(aid, gdcd, cvrcd, ap_nddt, ap_strdt, cvr_prsnm, cvr_kornm, cvr_hngl_shtnm, cvr_ennm, cvr_eng_shtnm, cvr_perdt, cvr_cla_cn, cvr_ba_trt_flgcd, is_bj_yn, isamt_need_yn, prm_adm_yn, prm_sum_bj_yn, cr_lvl_cvr_yn, pblct_out_yn, scr_idc_cvr_gpcd, pym_xmp_av_yn, xtn_av_yn, dt_inpsc_xstn_yn, age_wkct_flgcd, mn_is_age, mx_is_age, is_av_sexcd, mrrd_bj_cvr_yn, onw_cla_flgcd, invc_out_prg, ply_out_prg_1, ply_out_prg_2, inp_rt_yn, lowt_inp_rt, mx_inp_rt, mdcs_rgt_bj_yn, auto_rnw_av_yn, cvr_dbis_flgcd, rnw_af_cvrcd, is_av_drve_tycd, is_av_rel_flgcd, pym_cyccd, sl_strdt, sl_nddt, dt_scr_id, rnw_xc_cvr_yn, rl_sl_opndt, rl_sl_nddt, coobj_is_av_yn, pymtm_atnd_mtt, nrdps_sl_strdt, nrdps_sl_nddt, rlpmi_cvr_yn, cvr_trt_gp_flgcd, rnw_cvr_nclm_dscrt, rwcvr_nclm_ad_dscrt, rwcvr_nclm_ad_dctrm, rmimc_xcpt_prmex_bjyn, prs_clm_cvrcd, cvr_xcpt_dlcd, nds_xc_flgcd, clm_nds_xc_cvrcd, cvr_dc_flgcd, indpd_trt_yn, indpd_trt_gdcd, gd_cvr_dscrt, sb_pym_tpcd, cvr_xtn_dl_flgcd, cla_seqno, ibnr_flgcd, inp_usr_id, inp_dthms, mdf_usr_id, mdf_dthms)
VALUES(13, 'LAA301', 'LBAC0001', '9999-12-31', '2022-06-01', '화상 진단비', '화상 진단비', '화상 진단비', 'Burn Dignosis', 'Burn Dignosis', NULL, NULL, '02', '1', '1', '1', '1', '0', '1', NULL, NULL, NULL, '0', NULL, 0, 0, NULL, '0', NULL, NULL, NULL, NULL, NULL, 0.0000000, 0.0000000, NULL, NULL, NULL, NULL, '05', NULL, NULL, '9999-12-31', '9999-12-31', NULL, '0', NULL, NULL, NULL, NULL, NULL, NULL, NULL, NULL, NULL, 0.00, 0, NULL, NULL, NULL, NULL, NULL, NULL, NULL, NULL, 0.00, NULL, NULL, 0, '3', 'auto', now(), 'auto', now());
INSERT INTO igd_gd_cvr
(aid, gdcd, cvrcd, ap_nddt, ap_strdt, cvr_prsnm, cvr_kornm, cvr_hngl_shtnm, cvr_ennm, cvr_eng_shtnm, cvr_perdt, cvr_cla_cn, cvr_ba_trt_flgcd, is_bj_yn, isamt_need_yn, prm_adm_yn, prm_sum_bj_yn, cr_lvl_cvr_yn, pblct_out_yn, scr_idc_cvr_gpcd, pym_xmp_av_yn, xtn_av_yn, dt_inpsc_xstn_yn, age_wkct_flgcd, mn_is_age, mx_is_age, is_av_sexcd, mrrd_bj_cvr_yn, onw_cla_flgcd, invc_out_prg, ply_out_prg_1, ply_out_prg_2, inp_rt_yn, lowt_inp_rt, mx_inp_rt, mdcs_rgt_bj_yn, auto_rnw_av_yn, cvr_dbis_flgcd, rnw_af_cvrcd, is_av_drve_tycd, is_av_rel_flgcd, pym_cyccd, sl_strdt, sl_nddt, dt_scr_id, rnw_xc_cvr_yn, rl_sl_opndt, rl_sl_nddt, coobj_is_av_yn, pymtm_atnd_mtt, nrdps_sl_strdt, nrdps_sl_nddt, rlpmi_cvr_yn, cvr_trt_gp_flgcd, rnw_cvr_nclm_dscrt, rwcvr_nclm_ad_dscrt, rwcvr_nclm_ad_dctrm, rmimc_xcpt_prmex_bjyn, prs_clm_cvrcd, cvr_xcpt_dlcd, nds_xc_flgcd, clm_nds_xc_cvrcd, cvr_dc_flgcd, indpd_trt_yn, indpd_trt_gdcd, gd_cvr_dscrt, sb_pym_tpcd, cvr_xtn_dl_flgcd, cla_seqno, ibnr_flgcd, inp_usr_id, inp_dthms, mdf_usr_id, mdf_dthms)
VALUES(14, 'LAA301', 'LBAD0001', '9999-12-31', '2022-06-01', '상해 입원일당(1일이상)', '상해 입원일당(1일이상)', '상해 입원일당(1일이상)', 'Hospitalization(Injuries)', 'Hospitalization(Injuries)', NULL, NULL, '02', '1', '1', '1', '1', '0', '1', NULL, NULL, NULL, '0', NULL, 0, 0, NULL, '0', NULL, NULL, NULL, NULL, NULL, 0.0000000, 0.0000000, NULL, NULL, NULL, NULL, '05', NULL, NULL, '9999-12-31', '9999-12-31', NULL, '0', NULL, NULL, NULL, NULL, NULL, NULL, NULL, NULL, NULL, 0.00, 0, NULL, NULL, NULL, NULL, NULL, NULL, NULL, NULL, 0.00, NULL, NULL, 0, '5', 'auto', now(), 'auto', now());
INSERT INTO igd_gd_cvr
(aid, gdcd, cvrcd, ap_nddt, ap_strdt, cvr_prsnm, cvr_kornm, cvr_hngl_shtnm, cvr_ennm, cvr_eng_shtnm, cvr_perdt, cvr_cla_cn, cvr_ba_trt_flgcd, is_bj_yn, isamt_need_yn, prm_adm_yn, prm_sum_bj_yn, cr_lvl_cvr_yn, pblct_out_yn, scr_idc_cvr_gpcd, pym_xmp_av_yn, xtn_av_yn, dt_inpsc_xstn_yn, age_wkct_flgcd, mn_is_age, mx_is_age, is_av_sexcd, mrrd_bj_cvr_yn, onw_cla_flgcd, invc_out_prg, ply_out_prg_1, ply_out_prg_2, inp_rt_yn, lowt_inp_rt, mx_inp_rt, mdcs_rgt_bj_yn, auto_rnw_av_yn, cvr_dbis_flgcd, rnw_af_cvrcd, is_av_drve_tycd, is_av_rel_flgcd, pym_cyccd, sl_strdt, sl_nddt, dt_scr_id, rnw_xc_cvr_yn, rl_sl_opndt, rl_sl_nddt, coobj_is_av_yn, pymtm_atnd_mtt, nrdps_sl_strdt, nrdps_sl_nddt, rlpmi_cvr_yn, cvr_trt_gp_flgcd, rnw_cvr_nclm_dscrt, rwcvr_nclm_ad_dscrt, rwcvr_nclm_ad_dctrm, rmimc_xcpt_prmex_bjyn, prs_clm_cvrcd, cvr_xcpt_dlcd, nds_xc_flgcd, clm_nds_xc_cvrcd, cvr_dc_flgcd, indpd_trt_yn, indpd_trt_gdcd, gd_cvr_dscrt, sb_pym_tpcd, cvr_xtn_dl_flgcd, cla_seqno, ibnr_flgcd, inp_usr_id, inp_dthms, mdf_usr_id, mdf_dthms)
VALUES(15, 'LAA301', 'LBAE0001', '9999-12-31', '2022-06-01', '상해 수술비', '상해 수술비', '상해 수술비', 'Surgery(Injuries)', 'Surgery(Injuries)', NULL, NULL, '02', '1', '1', '1', '1', '0', '1', NULL, NULL, NULL, '0', NULL, 0, 0, NULL, '0', NULL, NULL, NULL, NULL, NULL, 0.0000000, 0.0000000, NULL, NULL, NULL, NULL, '05', NULL, NULL, '9999-12-31', '9999-12-31', NULL, '0', NULL, NULL, NULL, NULL, NULL, NULL, NULL, NULL, NULL, 0.00, 0, NULL, NULL, NULL, NULL, NULL, NULL, NULL, NULL, 0.00, NULL, NULL, 0, '3', 'auto', now(), 'auto', now());
INSERT INTO igd_gd_cvr
(aid, gdcd, cvrcd, ap_nddt, ap_strdt, cvr_prsnm, cvr_kornm, cvr_hngl_shtnm, cvr_ennm, cvr_eng_shtnm, cvr_perdt, cvr_cla_cn, cvr_ba_trt_flgcd, is_bj_yn, isamt_need_yn, prm_adm_yn, prm_sum_bj_yn, cr_lvl_cvr_yn, pblct_out_yn, scr_idc_cvr_gpcd, pym_xmp_av_yn, xtn_av_yn, dt_inpsc_xstn_yn, age_wkct_flgcd, mn_is_age, mx_is_age, is_av_sexcd, mrrd_bj_cvr_yn, onw_cla_flgcd, invc_out_prg, ply_out_prg_1, ply_out_prg_2, inp_rt_yn, lowt_inp_rt, mx_inp_rt, mdcs_rgt_bj_yn, auto_rnw_av_yn, cvr_dbis_flgcd, rnw_af_cvrcd, is_av_drve_tycd, is_av_rel_flgcd, pym_cyccd, sl_strdt, sl_nddt, dt_scr_id, rnw_xc_cvr_yn, rl_sl_opndt, rl_sl_nddt, coobj_is_av_yn, pymtm_atnd_mtt, nrdps_sl_strdt, nrdps_sl_nddt, rlpmi_cvr_yn, cvr_trt_gp_flgcd, rnw_cvr_nclm_dscrt, rwcvr_nclm_ad_dscrt, rwcvr_nclm_ad_dctrm, rmimc_xcpt_prmex_bjyn, prs_clm_cvrcd, cvr_xcpt_dlcd, nds_xc_flgcd, clm_nds_xc_cvrcd, cvr_dc_flgcd, indpd_trt_yn, indpd_trt_gdcd, gd_cvr_dscrt, sb_pym_tpcd, cvr_xtn_dl_flgcd, cla_seqno, ibnr_flgcd, inp_usr_id, inp_dthms, mdf_usr_id, mdf_dthms)
VALUES(16, 'LAA301', 'LBAE0002', '9999-12-31', '2022-06-01', '화상 수술비', '화상 수술비', '화상 수술비', 'Burn Surgery', 'Burn Surgery', NULL, NULL, '02', '1', '1', '1', '1', '0', '1', NULL, NULL, NULL, '0', NULL, 0, 0, NULL, '0', NULL, NULL, NULL, NULL, NULL, 0.0000000, 0.0000000, NULL, NULL, NULL, NULL, '05', NULL, NULL, '9999-12-31', '9999-12-31', NULL, '0', NULL, NULL, NULL, NULL, NULL, NULL, NULL, NULL, NULL, 0.00, 0, NULL, NULL, NULL, NULL, NULL, NULL, NULL, NULL, 0.00, NULL, NULL, 0, '3', 'auto', now(), 'auto', now());
INSERT INTO igd_gd_cvr
(aid, gdcd, cvrcd, ap_nddt, ap_strdt, cvr_prsnm, cvr_kornm, cvr_hngl_shtnm, cvr_ennm, cvr_eng_shtnm, cvr_perdt, cvr_cla_cn, cvr_ba_trt_flgcd, is_bj_yn, isamt_need_yn, prm_adm_yn, prm_sum_bj_yn, cr_lvl_cvr_yn, pblct_out_yn, scr_idc_cvr_gpcd, pym_xmp_av_yn, xtn_av_yn, dt_inpsc_xstn_yn, age_wkct_flgcd, mn_is_age, mx_is_age, is_av_sexcd, mrrd_bj_cvr_yn, onw_cla_flgcd, invc_out_prg, ply_out_prg_1, ply_out_prg_2, inp_rt_yn, lowt_inp_rt, mx_inp_rt, mdcs_rgt_bj_yn, auto_rnw_av_yn, cvr_dbis_flgcd, rnw_af_cvrcd, is_av_drve_tycd, is_av_rel_flgcd, pym_cyccd, sl_strdt, sl_nddt, dt_scr_id, rnw_xc_cvr_yn, rl_sl_opndt, rl_sl_nddt, coobj_is_av_yn, pymtm_atnd_mtt, nrdps_sl_strdt, nrdps_sl_nddt, rlpmi_cvr_yn, cvr_trt_gp_flgcd, rnw_cvr_nclm_dscrt, rwcvr_nclm_ad_dscrt, rwcvr_nclm_ad_dctrm, rmimc_xcpt_prmex_bjyn, prs_clm_cvrcd, cvr_xcpt_dlcd, nds_xc_flgcd, clm_nds_xc_cvrcd, cvr_dc_flgcd, indpd_trt_yn, indpd_trt_gdcd, gd_cvr_dscrt, sb_pym_tpcd, cvr_xtn_dl_flgcd, cla_seqno, ibnr_flgcd, inp_usr_id, inp_dthms, mdf_usr_id, mdf_dthms)
VALUES(17, 'LAA301', 'LBDZ0001', '9999-12-31', '2022-06-01', '화재 및 붕괴 등의 임시거주비(1일이상)', '화재 및 붕괴 등의 임시거주비(1일이상)', '화재 및 붕괴 등의 임시거주비(1일이상)', 'Cost of living due to Fire, Collapse', 'Cost of living due to Fire, Collapse', NULL, NULL, '02', '1', '1', '1', '1', '0', '1', NULL, NULL, NULL, '0', NULL, 0, 0, NULL, '0', NULL, NULL, NULL, NULL, NULL, 0.0000000, 0.0000000, NULL, NULL, NULL, NULL, '05', NULL, NULL, '9999-12-31', '9999-12-31', NULL, '0', NULL, NULL, NULL, NULL, NULL, NULL, NULL, NULL, NULL, 0.00, 0, NULL, NULL, NULL, NULL, NULL, NULL, NULL, NULL, 0.00, NULL, NULL, 0, '6', 'auto', now(), 'auto', now());
INSERT INTO igd_gd_cvr
(aid, gdcd, cvrcd, ap_nddt, ap_strdt, cvr_prsnm, cvr_kornm, cvr_hngl_shtnm, cvr_ennm, cvr_eng_shtnm, cvr_perdt, cvr_cla_cn, cvr_ba_trt_flgcd, is_bj_yn, isamt_need_yn, prm_adm_yn, prm_sum_bj_yn, cr_lvl_cvr_yn, pblct_out_yn, scr_idc_cvr_gpcd, pym_xmp_av_yn, xtn_av_yn, dt_inpsc_xstn_yn, age_wkct_flgcd, mn_is_age, mx_is_age, is_av_sexcd, mrrd_bj_cvr_yn, onw_cla_flgcd, invc_out_prg, ply_out_prg_1, ply_out_prg_2, inp_rt_yn, lowt_inp_rt, mx_inp_rt, mdcs_rgt_bj_yn, auto_rnw_av_yn, cvr_dbis_flgcd, rnw_af_cvrcd, is_av_drve_tycd, is_av_rel_flgcd, pym_cyccd, sl_strdt, sl_nddt, dt_scr_id, rnw_xc_cvr_yn, rl_sl_opndt, rl_sl_nddt, coobj_is_av_yn, pymtm_atnd_mtt, nrdps_sl_strdt, nrdps_sl_nddt, rlpmi_cvr_yn, cvr_trt_gp_flgcd, rnw_cvr_nclm_dscrt, rwcvr_nclm_ad_dscrt, rwcvr_nclm_ad_dctrm, rmimc_xcpt_prmex_bjyn, prs_clm_cvrcd, cvr_xcpt_dlcd, nds_xc_flgcd, clm_nds_xc_cvrcd, cvr_dc_flgcd, indpd_trt_yn, indpd_trt_gdcd, gd_cvr_dscrt, sb_pym_tpcd, cvr_xtn_dl_flgcd, cla_seqno, ibnr_flgcd, inp_usr_id, inp_dthms, mdf_usr_id, mdf_dthms)
VALUES(18, 'LAA301', 'LBDZ0002', '9999-12-31', '2022-06-01', '화재벌금', '화재벌금', '화재벌금', 'Fine due to Fire', 'Fine due to Fire', NULL, NULL, '02', '1', '1', '1', '1', '0', '1', NULL, NULL, NULL, '0', NULL, 0, 0, NULL, '0', NULL, NULL, NULL, NULL, NULL, 0.0000000, 0.0000000, NULL, NULL, NULL, NULL, '05', NULL, NULL, '9999-12-31', '9999-12-31', NULL, '0', NULL, NULL, NULL, NULL, NULL, NULL, NULL, NULL, NULL, 0.00, 0, NULL, NULL, NULL, NULL, NULL, NULL, NULL, NULL, 0.00, NULL, NULL, 0, '6', 'auto', now(), 'auto', now());
INSERT INTO igd_gd_cvr
(aid, gdcd, cvrcd, ap_nddt, ap_strdt, cvr_prsnm, cvr_kornm, cvr_hngl_shtnm, cvr_ennm, cvr_eng_shtnm, cvr_perdt, cvr_cla_cn, cvr_ba_trt_flgcd, is_bj_yn, isamt_need_yn, prm_adm_yn, prm_sum_bj_yn, cr_lvl_cvr_yn, pblct_out_yn, scr_idc_cvr_gpcd, pym_xmp_av_yn, xtn_av_yn, dt_inpsc_xstn_yn, age_wkct_flgcd, mn_is_age, mx_is_age, is_av_sexcd, mrrd_bj_cvr_yn, onw_cla_flgcd, invc_out_prg, ply_out_prg_1, ply_out_prg_2, inp_rt_yn, lowt_inp_rt, mx_inp_rt, mdcs_rgt_bj_yn, auto_rnw_av_yn, cvr_dbis_flgcd, rnw_af_cvrcd, is_av_drve_tycd, is_av_rel_flgcd, pym_cyccd, sl_strdt, sl_nddt, dt_scr_id, rnw_xc_cvr_yn, rl_sl_opndt, rl_sl_nddt, coobj_is_av_yn, pymtm_atnd_mtt, nrdps_sl_strdt, nrdps_sl_nddt, rlpmi_cvr_yn, cvr_trt_gp_flgcd, rnw_cvr_nclm_dscrt, rwcvr_nclm_ad_dscrt, rwcvr_nclm_ad_dctrm, rmimc_xcpt_prmex_bjyn, prs_clm_cvrcd, cvr_xcpt_dlcd, nds_xc_flgcd, clm_nds_xc_cvrcd, cvr_dc_flgcd, indpd_trt_yn, indpd_trt_gdcd, gd_cvr_dscrt, sb_pym_tpcd, cvr_xtn_dl_flgcd, cla_seqno, ibnr_flgcd, inp_usr_id, inp_dthms, mdf_usr_id, mdf_dthms)
VALUES(19, 'LAA301', 'LBDZ0003', '9999-12-31', '2022-06-01', '가족화재벌금', '가족화재벌금', '가족화재벌금', 'Fine due to Fire(Family)', 'Fine due to Fire(Family)', NULL, NULL, '02', '1', '1', '1', '1', '0', '1', NULL, NULL, NULL, '0', NULL, 0, 0, NULL, '0', NULL, NULL, NULL, NULL, NULL, 0.0000000, 0.0000000, NULL, NULL, NULL, NULL, '05', NULL, NULL, '9999-12-31', '9999-12-31', NULL, '0', NULL, NULL, NULL, NULL, NULL, NULL, NULL, NULL, NULL, 0.00, 0, NULL, NULL, NULL, NULL, NULL, NULL, NULL, NULL, 0.00, NULL, NULL, 0, '6', 'auto', now(), 'auto', now());
INSERT INTO igd_gd_cvr
(aid, gdcd, cvrcd, ap_nddt, ap_strdt, cvr_prsnm, cvr_kornm, cvr_hngl_shtnm, cvr_ennm, cvr_eng_shtnm, cvr_perdt, cvr_cla_cn, cvr_ba_trt_flgcd, is_bj_yn, isamt_need_yn, prm_adm_yn, prm_sum_bj_yn, cr_lvl_cvr_yn, pblct_out_yn, scr_idc_cvr_gpcd, pym_xmp_av_yn, xtn_av_yn, dt_inpsc_xstn_yn, age_wkct_flgcd, mn_is_age, mx_is_age, is_av_sexcd, mrrd_bj_cvr_yn, onw_cla_flgcd, invc_out_prg, ply_out_prg_1, ply_out_prg_2, inp_rt_yn, lowt_inp_rt, mx_inp_rt, mdcs_rgt_bj_yn, auto_rnw_av_yn, cvr_dbis_flgcd, rnw_af_cvrcd, is_av_drve_tycd, is_av_rel_flgcd, pym_cyccd, sl_strdt, sl_nddt, dt_scr_id, rnw_xc_cvr_yn, rl_sl_opndt, rl_sl_nddt, coobj_is_av_yn, pymtm_atnd_mtt, nrdps_sl_strdt, nrdps_sl_nddt, rlpmi_cvr_yn, cvr_trt_gp_flgcd, rnw_cvr_nclm_dscrt, rwcvr_nclm_ad_dscrt, rwcvr_nclm_ad_dctrm, rmimc_xcpt_prmex_bjyn, prs_clm_cvrcd, cvr_xcpt_dlcd, nds_xc_flgcd, clm_nds_xc_cvrcd, cvr_dc_flgcd, indpd_trt_yn, indpd_trt_gdcd, gd_cvr_dscrt, sb_pym_tpcd, cvr_xtn_dl_flgcd, cla_seqno, ibnr_flgcd, inp_usr_id, inp_dthms, mdf_usr_id, mdf_dthms)
VALUES(20, 'LAA301', 'LBDZ0004', '9999-12-31', '2022-06-01', '민사소송 법률비용손해', '민사소송 법률비용손해', '민사소송 법률비용손해', 'Legal Expenses for Civil case', 'Legal Expenses for Civil case', NULL, NULL, '02', '1', '1', '1', '1', '0', '1', NULL, NULL, NULL, '0', NULL, 0, 0, NULL, '0', NULL, NULL, NULL, NULL, NULL, 0.0000000, 0.0000000, NULL, NULL, NULL, NULL, '05', NULL, NULL, '9999-12-31', '9999-12-31', NULL, '0', NULL, NULL, NULL, NULL, NULL, NULL, NULL, NULL, NULL, 0.00, 0, NULL, NULL, NULL, NULL, NULL, NULL, NULL, NULL, 0.00, NULL, NULL, 0, '6', 'auto', now(), 'auto', now());
INSERT INTO igd_gd_cvr
(aid, gdcd, cvrcd, ap_nddt, ap_strdt, cvr_prsnm, cvr_kornm, cvr_hngl_shtnm, cvr_ennm, cvr_eng_shtnm, cvr_perdt, cvr_cla_cn, cvr_ba_trt_flgcd, is_bj_yn, isamt_need_yn, prm_adm_yn, prm_sum_bj_yn, cr_lvl_cvr_yn, pblct_out_yn, scr_idc_cvr_gpcd, pym_xmp_av_yn, xtn_av_yn, dt_inpsc_xstn_yn, age_wkct_flgcd, mn_is_age, mx_is_age, is_av_sexcd, mrrd_bj_cvr_yn, onw_cla_flgcd, invc_out_prg, ply_out_prg_1, ply_out_prg_2, inp_rt_yn, lowt_inp_rt, mx_inp_rt, mdcs_rgt_bj_yn, auto_rnw_av_yn, cvr_dbis_flgcd, rnw_af_cvrcd, is_av_drve_tycd, is_av_rel_flgcd, pym_cyccd, sl_strdt, sl_nddt, dt_scr_id, rnw_xc_cvr_yn, rl_sl_opndt, rl_sl_nddt, coobj_is_av_yn, pymtm_atnd_mtt, nrdps_sl_strdt, nrdps_sl_nddt, rlpmi_cvr_yn, cvr_trt_gp_flgcd, rnw_cvr_nclm_dscrt, rwcvr_nclm_ad_dscrt, rwcvr_nclm_ad_dctrm, rmimc_xcpt_prmex_bjyn, prs_clm_cvrcd, cvr_xcpt_dlcd, nds_xc_flgcd, clm_nds_xc_cvrcd, cvr_dc_flgcd, indpd_trt_yn, indpd_trt_gdcd, gd_cvr_dscrt, sb_pym_tpcd, cvr_xtn_dl_flgcd, cla_seqno, ibnr_flgcd, inp_usr_id, inp_dthms, mdf_usr_id, mdf_dthms)
VALUES(21, 'LAA301', 'LBDZ0005', '9999-12-31', '2022-06-01', '6대가전제품 고장수리비용', '6대가전제품 고장수리비용', '6대가전제품 고장수리비용', 'Repair Cost for 6 Appliances', 'Repair Cost for 6 Appliances', NULL, NULL, '02', '1', '1', '1', '1', '0', '1', NULL, NULL, NULL, '0', NULL, 0, 0, NULL, '0', NULL, NULL, NULL, NULL, NULL, 0.0000000, 0.0000000, NULL, NULL, NULL, NULL, '05', NULL, NULL, '9999-12-31', '9999-12-31', NULL, '0', NULL, NULL, NULL, NULL, NULL, NULL, NULL, NULL, NULL, 0.00, 0, NULL, NULL, NULL, NULL, NULL, NULL, NULL, NULL, 0.00, NULL, NULL, 0, '6', 'auto', now(), 'auto', now());
INSERT INTO igd_gd_cvr
(aid, gdcd, cvrcd, ap_nddt, ap_strdt, cvr_prsnm, cvr_kornm, cvr_hngl_shtnm, cvr_ennm, cvr_eng_shtnm, cvr_perdt, cvr_cla_cn, cvr_ba_trt_flgcd, is_bj_yn, isamt_need_yn, prm_adm_yn, prm_sum_bj_yn, cr_lvl_cvr_yn, pblct_out_yn, scr_idc_cvr_gpcd, pym_xmp_av_yn, xtn_av_yn, dt_inpsc_xstn_yn, age_wkct_flgcd, mn_is_age, mx_is_age, is_av_sexcd, mrrd_bj_cvr_yn, onw_cla_flgcd, invc_out_prg, ply_out_prg_1, ply_out_prg_2, inp_rt_yn, lowt_inp_rt, mx_inp_rt, mdcs_rgt_bj_yn, auto_rnw_av_yn, cvr_dbis_flgcd, rnw_af_cvrcd, is_av_drve_tycd, is_av_rel_flgcd, pym_cyccd, sl_strdt, sl_nddt, dt_scr_id, rnw_xc_cvr_yn, rl_sl_opndt, rl_sl_nddt, coobj_is_av_yn, pymtm_atnd_mtt, nrdps_sl_strdt, nrdps_sl_nddt, rlpmi_cvr_yn, cvr_trt_gp_flgcd, rnw_cvr_nclm_dscrt, rwcvr_nclm_ad_dscrt, rwcvr_nclm_ad_dctrm, rmimc_xcpt_prmex_bjyn, prs_clm_cvrcd, cvr_xcpt_dlcd, nds_xc_flgcd, clm_nds_xc_cvrcd, cvr_dc_flgcd, indpd_trt_yn, indpd_trt_gdcd, gd_cvr_dscrt, sb_pym_tpcd, cvr_xtn_dl_flgcd, cla_seqno, ibnr_flgcd, inp_usr_id, inp_dthms, mdf_usr_id, mdf_dthms)
VALUES(22, 'LAA301', 'LBDZ0006', '9999-12-31', '2022-06-01', '신6대가전제품 고장수리비용', '신6대가전제품 고장수리비용', '신6대가전제품 고장수리비용', 'Repair Cost for New 6 Appliances', 'Repair Cost for New 6 Appliances', NULL, NULL, '02', '1', '1', '1', '1', '0', '1', NULL, NULL, NULL, '0', NULL, 0, 0, NULL, '0', NULL, NULL, NULL, NULL, NULL, 0.0000000, 0.0000000, NULL, NULL, NULL, NULL, '05', NULL, NULL, '9999-12-31', '9999-12-31', NULL, '0', NULL, NULL, NULL, NULL, NULL, NULL, NULL, NULL, NULL, 0.00, 0, NULL, NULL, NULL, NULL, NULL, NULL, NULL, NULL, 0.00, NULL, NULL, 0, '6', 'auto', now(), 'auto', now());
INSERT INTO igd_gd_cvr
(aid, gdcd, cvrcd, ap_nddt, ap_strdt, cvr_prsnm, cvr_kornm, cvr_hngl_shtnm, cvr_ennm, cvr_eng_shtnm, cvr_perdt, cvr_cla_cn, cvr_ba_trt_flgcd, is_bj_yn, isamt_need_yn, prm_adm_yn, prm_sum_bj_yn, cr_lvl_cvr_yn, pblct_out_yn, scr_idc_cvr_gpcd, pym_xmp_av_yn, xtn_av_yn, dt_inpsc_xstn_yn, age_wkct_flgcd, mn_is_age, mx_is_age, is_av_sexcd, mrrd_bj_cvr_yn, onw_cla_flgcd, invc_out_prg, ply_out_prg_1, ply_out_prg_2, inp_rt_yn, lowt_inp_rt, mx_inp_rt, mdcs_rgt_bj_yn, auto_rnw_av_yn, cvr_dbis_flgcd, rnw_af_cvrcd, is_av_drve_tycd, is_av_rel_flgcd, pym_cyccd, sl_strdt, sl_nddt, dt_scr_id, rnw_xc_cvr_yn, rl_sl_opndt, rl_sl_nddt, coobj_is_av_yn, pymtm_atnd_mtt, nrdps_sl_strdt, nrdps_sl_nddt, rlpmi_cvr_yn, cvr_trt_gp_flgcd, rnw_cvr_nclm_dscrt, rwcvr_nclm_ad_dscrt, rwcvr_nclm_ad_dctrm, rmimc_xcpt_prmex_bjyn, prs_clm_cvrcd, cvr_xcpt_dlcd, nds_xc_flgcd, clm_nds_xc_cvrcd, cvr_dc_flgcd, indpd_trt_yn, indpd_trt_gdcd, gd_cvr_dscrt, sb_pym_tpcd, cvr_xtn_dl_flgcd, cla_seqno, ibnr_flgcd, inp_usr_id, inp_dthms, mdf_usr_id, mdf_dthms)
VALUES(23, 'LAA301', 'LBDZ0007', '9999-12-31', '2022-06-01', '12대가전제품 고장수리비용', '12대가전제품 고장수리비용', '12대가전제품 고장수리비용', 'Repair Cost for 12 Appliances', 'Repair Cost for 12 Appliances', NULL, NULL, '02', '1', '1', '1', '1', '0', '1', NULL, NULL, NULL, '0', NULL, 0, 0, NULL, '0', NULL, NULL, NULL, NULL, NULL, 0.0000000, 0.0000000, NULL, NULL, NULL, NULL, '05', NULL, NULL, '9999-12-31', '9999-12-31', NULL, '0', NULL, NULL, NULL, NULL, NULL, NULL, NULL, NULL, NULL, 0.00, 0, NULL, NULL, NULL, NULL, NULL, NULL, NULL, NULL, 0.00, NULL, NULL, 0, '6', 'auto', now(), 'auto', now());
INSERT INTO igd_gd_cvr
(aid, gdcd, cvrcd, ap_nddt, ap_strdt, cvr_prsnm, cvr_kornm, cvr_hngl_shtnm, cvr_ennm, cvr_eng_shtnm, cvr_perdt, cvr_cla_cn, cvr_ba_trt_flgcd, is_bj_yn, isamt_need_yn, prm_adm_yn, prm_sum_bj_yn, cr_lvl_cvr_yn, pblct_out_yn, scr_idc_cvr_gpcd, pym_xmp_av_yn, xtn_av_yn, dt_inpsc_xstn_yn, age_wkct_flgcd, mn_is_age, mx_is_age, is_av_sexcd, mrrd_bj_cvr_yn, onw_cla_flgcd, invc_out_prg, ply_out_prg_1, ply_out_prg_2, inp_rt_yn, lowt_inp_rt, mx_inp_rt, mdcs_rgt_bj_yn, auto_rnw_av_yn, cvr_dbis_flgcd, rnw_af_cvrcd, is_av_drve_tycd, is_av_rel_flgcd, pym_cyccd, sl_strdt, sl_nddt, dt_scr_id, rnw_xc_cvr_yn, rl_sl_opndt, rl_sl_nddt, coobj_is_av_yn, pymtm_atnd_mtt, nrdps_sl_strdt, nrdps_sl_nddt, rlpmi_cvr_yn, cvr_trt_gp_flgcd, rnw_cvr_nclm_dscrt, rwcvr_nclm_ad_dscrt, rwcvr_nclm_ad_dctrm, rmimc_xcpt_prmex_bjyn, prs_clm_cvrcd, cvr_xcpt_dlcd, nds_xc_flgcd, clm_nds_xc_cvrcd, cvr_dc_flgcd, indpd_trt_yn, indpd_trt_gdcd, gd_cvr_dscrt, sb_pym_tpcd, cvr_xtn_dl_flgcd, cla_seqno, ibnr_flgcd, inp_usr_id, inp_dthms, mdf_usr_id, mdf_dthms)
VALUES(24, 'LAA301', 'LBEZ0001', '9999-12-31', '2022-06-01', '화재(폭발포함) 배상책임', '화재(폭발포함) 배상책임', '화재(폭발포함) 배상책임', 'Liability due to Fire', 'Liability due to Fire', NULL, NULL, '02', '1', '1', '1', '1', '0', '1', NULL, NULL, NULL, '0', NULL, 0, 0, NULL, '0', NULL, NULL, NULL, NULL, NULL, 0.0000000, 0.0000000, NULL, NULL, NULL, NULL, '05', NULL, NULL, '9999-12-31', '9999-12-31', NULL, '0', NULL, NULL, NULL, NULL, NULL, NULL, NULL, NULL, NULL, 0.00, 0, NULL, NULL, NULL, NULL, NULL, NULL, NULL, NULL, 0.00, NULL, NULL, 0, '6', 'auto', now(), 'auto', now());
INSERT INTO igd_gd_cvr
(aid, gdcd, cvrcd, ap_nddt, ap_strdt, cvr_prsnm, cvr_kornm, cvr_hngl_shtnm, cvr_ennm, cvr_eng_shtnm, cvr_perdt, cvr_cla_cn, cvr_ba_trt_flgcd, is_bj_yn, isamt_need_yn, prm_adm_yn, prm_sum_bj_yn, cr_lvl_cvr_yn, pblct_out_yn, scr_idc_cvr_gpcd, pym_xmp_av_yn, xtn_av_yn, dt_inpsc_xstn_yn, age_wkct_flgcd, mn_is_age, mx_is_age, is_av_sexcd, mrrd_bj_cvr_yn, onw_cla_flgcd, invc_out_prg, ply_out_prg_1, ply_out_prg_2, inp_rt_yn, lowt_inp_rt, mx_inp_rt, mdcs_rgt_bj_yn, auto_rnw_av_yn, cvr_dbis_flgcd, rnw_af_cvrcd, is_av_drve_tycd, is_av_rel_flgcd, pym_cyccd, sl_strdt, sl_nddt, dt_scr_id, rnw_xc_cvr_yn, rl_sl_opndt, rl_sl_nddt, coobj_is_av_yn, pymtm_atnd_mtt, nrdps_sl_strdt, nrdps_sl_nddt, rlpmi_cvr_yn, cvr_trt_gp_flgcd, rnw_cvr_nclm_dscrt, rwcvr_nclm_ad_dscrt, rwcvr_nclm_ad_dctrm, rmimc_xcpt_prmex_bjyn, prs_clm_cvrcd, cvr_xcpt_dlcd, nds_xc_flgcd, clm_nds_xc_cvrcd, cvr_dc_flgcd, indpd_trt_yn, indpd_trt_gdcd, gd_cvr_dscrt, sb_pym_tpcd, cvr_xtn_dl_flgcd, cla_seqno, ibnr_flgcd, inp_usr_id, inp_dthms, mdf_usr_id, mdf_dthms)
VALUES(25, 'LAA301', 'LBEZ0002', '9999-12-31', '2022-06-01', '임차자(화재) 배상책임', '임차자(화재) 배상책임', '임차자(화재) 배상책임', 'Liability for House Renter(due to Fire)', 'Liability for House Renter(due to Fire)', NULL, NULL, '02', '1', '1', '1', '1', '0', '1', NULL, NULL, NULL, '0', NULL, 0, 0, NULL, '0', NULL, NULL, NULL, NULL, NULL, 0.0000000, 0.0000000, NULL, NULL, NULL, NULL, '05', NULL, NULL, '9999-12-31', '9999-12-31', NULL, '0', NULL, NULL, NULL, NULL, NULL, NULL, NULL, NULL, NULL, 0.00, 0, NULL, NULL, NULL, NULL, NULL, NULL, NULL, NULL, 0.00, NULL, NULL, 0, '6', 'auto', now(), 'auto', now());
INSERT INTO igd_gd_cvr
(aid, gdcd, cvrcd, ap_nddt, ap_strdt, cvr_prsnm, cvr_kornm, cvr_hngl_shtnm, cvr_ennm, cvr_eng_shtnm, cvr_perdt, cvr_cla_cn, cvr_ba_trt_flgcd, is_bj_yn, isamt_need_yn, prm_adm_yn, prm_sum_bj_yn, cr_lvl_cvr_yn, pblct_out_yn, scr_idc_cvr_gpcd, pym_xmp_av_yn, xtn_av_yn, dt_inpsc_xstn_yn, age_wkct_flgcd, mn_is_age, mx_is_age, is_av_sexcd, mrrd_bj_cvr_yn, onw_cla_flgcd, invc_out_prg, ply_out_prg_1, ply_out_prg_2, inp_rt_yn, lowt_inp_rt, mx_inp_rt, mdcs_rgt_bj_yn, auto_rnw_av_yn, cvr_dbis_flgcd, rnw_af_cvrcd, is_av_drve_tycd, is_av_rel_flgcd, pym_cyccd, sl_strdt, sl_nddt, dt_scr_id, rnw_xc_cvr_yn, rl_sl_opndt, rl_sl_nddt, coobj_is_av_yn, pymtm_atnd_mtt, nrdps_sl_strdt, nrdps_sl_nddt, rlpmi_cvr_yn, cvr_trt_gp_flgcd, rnw_cvr_nclm_dscrt, rwcvr_nclm_ad_dscrt, rwcvr_nclm_ad_dctrm, rmimc_xcpt_prmex_bjyn, prs_clm_cvrcd, cvr_xcpt_dlcd, nds_xc_flgcd, clm_nds_xc_cvrcd, cvr_dc_flgcd, indpd_trt_yn, indpd_trt_gdcd, gd_cvr_dscrt, sb_pym_tpcd, cvr_xtn_dl_flgcd, cla_seqno, ibnr_flgcd, inp_usr_id, inp_dthms, mdf_usr_id, mdf_dthms)
VALUES(26, 'LAA301', 'LBEZ0003', '9999-12-31', '2022-06-01', '특수건물 신체손해배상책임', '특수건물 신체손해배상책임', '특수건물 신체손해배상책임', 'Liability for Bodily Damage(for Certain building)', 'Liability for Bodily Damage(for Certain building)', NULL, NULL, '02', '1', '1', '1', '1', '0', '1', NULL, NULL, NULL, '0', NULL, 0, 0, NULL, '0', NULL, NULL, NULL, NULL, NULL, 0.0000000, 0.0000000, NULL, NULL, NULL, NULL, '05', NULL, NULL, '9999-12-31', '9999-12-31', NULL, '0', NULL, NULL, NULL, NULL, NULL, NULL, NULL, NULL, NULL, 0.00, 0, NULL, NULL, NULL, NULL, NULL, NULL, NULL, NULL, 0.00, NULL, NULL, 0, '6', 'auto', now(), 'auto', now());
INSERT INTO igd_gd_cvr
(aid, gdcd, cvrcd, ap_nddt, ap_strdt, cvr_prsnm, cvr_kornm, cvr_hngl_shtnm, cvr_ennm, cvr_eng_shtnm, cvr_perdt, cvr_cla_cn, cvr_ba_trt_flgcd, is_bj_yn, isamt_need_yn, prm_adm_yn, prm_sum_bj_yn, cr_lvl_cvr_yn, pblct_out_yn, scr_idc_cvr_gpcd, pym_xmp_av_yn, xtn_av_yn, dt_inpsc_xstn_yn, age_wkct_flgcd, mn_is_age, mx_is_age, is_av_sexcd, mrrd_bj_cvr_yn, onw_cla_flgcd, invc_out_prg, ply_out_prg_1, ply_out_prg_2, inp_rt_yn, lowt_inp_rt, mx_inp_rt, mdcs_rgt_bj_yn, auto_rnw_av_yn, cvr_dbis_flgcd, rnw_af_cvrcd, is_av_drve_tycd, is_av_rel_flgcd, pym_cyccd, sl_strdt, sl_nddt, dt_scr_id, rnw_xc_cvr_yn, rl_sl_opndt, rl_sl_nddt, coobj_is_av_yn, pymtm_atnd_mtt, nrdps_sl_strdt, nrdps_sl_nddt, rlpmi_cvr_yn, cvr_trt_gp_flgcd, rnw_cvr_nclm_dscrt, rwcvr_nclm_ad_dscrt, rwcvr_nclm_ad_dctrm, rmimc_xcpt_prmex_bjyn, prs_clm_cvrcd, cvr_xcpt_dlcd, nds_xc_flgcd, clm_nds_xc_cvrcd, cvr_dc_flgcd, indpd_trt_yn, indpd_trt_gdcd, gd_cvr_dscrt, sb_pym_tpcd, cvr_xtn_dl_flgcd, cla_seqno, ibnr_flgcd, inp_usr_id, inp_dthms, mdf_usr_id, mdf_dthms)
VALUES(27, 'LAA301', 'LBEZ0004', '9999-12-31', '2022-06-01', '특수건물 화재대물배상책임', '특수건물 화재대물배상책임', '특수건물 화재대물배상책임', 'Liability for Property Damage for Certain building', 'Liability for Property Damage for Certain building', NULL, NULL, '02', '1', '1', '1', '1', '0', '1', NULL, NULL, NULL, '0', NULL, 0, 0, NULL, '0', NULL, NULL, NULL, NULL, NULL, 0.0000000, 0.0000000, NULL, NULL, NULL, NULL, '05', NULL, NULL, '9999-12-31', '9999-12-31', NULL, '0', NULL, NULL, NULL, NULL, NULL, NULL, NULL, NULL, NULL, 0.00, 0, NULL, NULL, NULL, NULL, NULL, NULL, NULL, NULL, 0.00, NULL, NULL, 0, '6', 'auto', now(), 'auto', now());
INSERT INTO igd_gd_cvr
(aid, gdcd, cvrcd, ap_nddt, ap_strdt, cvr_prsnm, cvr_kornm, cvr_hngl_shtnm, cvr_ennm, cvr_eng_shtnm, cvr_perdt, cvr_cla_cn, cvr_ba_trt_flgcd, is_bj_yn, isamt_need_yn, prm_adm_yn, prm_sum_bj_yn, cr_lvl_cvr_yn, pblct_out_yn, scr_idc_cvr_gpcd, pym_xmp_av_yn, xtn_av_yn, dt_inpsc_xstn_yn, age_wkct_flgcd, mn_is_age, mx_is_age, is_av_sexcd, mrrd_bj_cvr_yn, onw_cla_flgcd, invc_out_prg, ply_out_prg_1, ply_out_prg_2, inp_rt_yn, lowt_inp_rt, mx_inp_rt, mdcs_rgt_bj_yn, auto_rnw_av_yn, cvr_dbis_flgcd, rnw_af_cvrcd, is_av_drve_tycd, is_av_rel_flgcd, pym_cyccd, sl_strdt, sl_nddt, dt_scr_id, rnw_xc_cvr_yn, rl_sl_opndt, rl_sl_nddt, coobj_is_av_yn, pymtm_atnd_mtt, nrdps_sl_strdt, nrdps_sl_nddt, rlpmi_cvr_yn, cvr_trt_gp_flgcd, rnw_cvr_nclm_dscrt, rwcvr_nclm_ad_dscrt, rwcvr_nclm_ad_dctrm, rmimc_xcpt_prmex_bjyn, prs_clm_cvrcd, cvr_xcpt_dlcd, nds_xc_flgcd, clm_nds_xc_cvrcd, cvr_dc_flgcd, indpd_trt_yn, indpd_trt_gdcd, gd_cvr_dscrt, sb_pym_tpcd, cvr_xtn_dl_flgcd, cla_seqno, ibnr_flgcd, inp_usr_id, inp_dthms, mdf_usr_id, mdf_dthms)
VALUES(28, 'LAA301', 'LBEZ0005', '9999-12-31', '2022-06-01', '가족 일상생활중 배상책임', '가족 일상생활중 배상책임', '가족 일상생활중 배상책임', 'Liability(Familiy)', 'Liability(Familiy)', NULL, NULL, '02', '1', '1', '1', '1', '0', '1', NULL, NULL, NULL, '0', NULL, 0, 0, NULL, '0', NULL, NULL, NULL, NULL, NULL, 0.0000000, 0.0000000, NULL, NULL, NULL, NULL, '05', NULL, NULL, '9999-12-31', '9999-12-31', NULL, '0', NULL, NULL, NULL, NULL, NULL, NULL, NULL, NULL, NULL, 0.00, 0, NULL, NULL, NULL, NULL, NULL, NULL, NULL, NULL, 0.00, NULL, NULL, 0, '6', 'hazel.z', now(), 'auto', now());
INSERT INTO igd_gd_cvr
(aid, gdcd, cvrcd, ap_nddt, ap_strdt, cvr_prsnm, cvr_kornm, cvr_hngl_shtnm, cvr_ennm, cvr_eng_shtnm, cvr_perdt, cvr_cla_cn, cvr_ba_trt_flgcd, is_bj_yn, isamt_need_yn, prm_adm_yn, prm_sum_bj_yn, cr_lvl_cvr_yn, pblct_out_yn, scr_idc_cvr_gpcd, pym_xmp_av_yn, xtn_av_yn, dt_inpsc_xstn_yn, age_wkct_flgcd, mn_is_age, mx_is_age, is_av_sexcd, mrrd_bj_cvr_yn, onw_cla_flgcd, invc_out_prg, ply_out_prg_1, ply_out_prg_2, inp_rt_yn, lowt_inp_rt, mx_inp_rt, mdcs_rgt_bj_yn, auto_rnw_av_yn, cvr_dbis_flgcd, rnw_af_cvrcd, is_av_drve_tycd, is_av_rel_flgcd, pym_cyccd, sl_strdt, sl_nddt, dt_scr_id, rnw_xc_cvr_yn, rl_sl_opndt, rl_sl_nddt, coobj_is_av_yn, pymtm_atnd_mtt, nrdps_sl_strdt, nrdps_sl_nddt, rlpmi_cvr_yn, cvr_trt_gp_flgcd, rnw_cvr_nclm_dscrt, rwcvr_nclm_ad_dscrt, rwcvr_nclm_ad_dctrm, rmimc_xcpt_prmex_bjyn, prs_clm_cvrcd, cvr_xcpt_dlcd, nds_xc_flgcd, clm_nds_xc_cvrcd, cvr_dc_flgcd, indpd_trt_yn, indpd_trt_gdcd, gd_cvr_dscrt, sb_pym_tpcd, cvr_xtn_dl_flgcd, cla_seqno, ibnr_flgcd, inp_usr_id, inp_dthms, mdf_usr_id, mdf_dthms)
VALUES(29, 'LAA301', 'LBEZ0006', '9999-12-31', '2022-06-01', '가족 일상생활중 배상책임(화재(폭발포함)배상제외)', '가족 일상생활중 배상책임(화재(폭발포함)배상제외)', '가족 일상생활중 배상책임(화재(폭발포함)배상제외)', 'Liability(Familiy)(except Fire)', 'Liability(Familiy)(except Fire)', NULL, NULL, '02', '1', '1', '1', '1', '0', '1', NULL, NULL, NULL, '0', NULL, 0, 0, NULL, '0', NULL, NULL, NULL, NULL, NULL, 0.0000000, 0.0000000, NULL, NULL, NULL, NULL, '05', NULL, NULL, '9999-12-31', '9999-12-31', NULL, '0', NULL, NULL, NULL, NULL, NULL, NULL, NULL, NULL, NULL, 0.00, 0, NULL, NULL, NULL, NULL, NULL, NULL, NULL, NULL, 0.00, NULL, NULL, 0, '6', 'hazel.z', now(), 'auto', now());
INSERT INTO igd_gd_cvr
(aid, gdcd, cvrcd, ap_nddt, ap_strdt, cvr_prsnm, cvr_kornm, cvr_hngl_shtnm, cvr_ennm, cvr_eng_shtnm, cvr_perdt, cvr_cla_cn, cvr_ba_trt_flgcd, is_bj_yn, isamt_need_yn, prm_adm_yn, prm_sum_bj_yn, cr_lvl_cvr_yn, pblct_out_yn, scr_idc_cvr_gpcd, pym_xmp_av_yn, xtn_av_yn, dt_inpsc_xstn_yn, age_wkct_flgcd, mn_is_age, mx_is_age, is_av_sexcd, mrrd_bj_cvr_yn, onw_cla_flgcd, invc_out_prg, ply_out_prg_1, ply_out_prg_2, inp_rt_yn, lowt_inp_rt, mx_inp_rt, mdcs_rgt_bj_yn, auto_rnw_av_yn, cvr_dbis_flgcd, rnw_af_cvrcd, is_av_drve_tycd, is_av_rel_flgcd, pym_cyccd, sl_strdt, sl_nddt, dt_scr_id, rnw_xc_cvr_yn, rl_sl_opndt, rl_sl_nddt, coobj_is_av_yn, pymtm_atnd_mtt, nrdps_sl_strdt, nrdps_sl_nddt, rlpmi_cvr_yn, cvr_trt_gp_flgcd, rnw_cvr_nclm_dscrt, rwcvr_nclm_ad_dscrt, rwcvr_nclm_ad_dctrm, rmimc_xcpt_prmex_bjyn, prs_clm_cvrcd, cvr_xcpt_dlcd, nds_xc_flgcd, clm_nds_xc_cvrcd, cvr_dc_flgcd, indpd_trt_yn, indpd_trt_gdcd, gd_cvr_dscrt, sb_pym_tpcd, cvr_xtn_dl_flgcd, cla_seqno, ibnr_flgcd, inp_usr_id, inp_dthms, mdf_usr_id, mdf_dthms)
VALUES(30, 'LAA301', 'LBFZ0001', '9999-12-31', '2022-06-01', '화재 및 붕괴 등의 손해(건물)', '화재 및 붕괴 등의 손해(건물)', '화재 및 붕괴 등의 손해(건물)', 'Damage from Fire(Building)', 'Damage from Fire(Building)', NULL, NULL, '01', '1', '1', '1', '1', '0', '1', NULL, NULL, NULL, '0', NULL, 0, 0, NULL, '0', NULL, NULL, NULL, NULL, NULL, 0.0000000, 0.0000000, NULL, NULL, NULL, NULL, '05', NULL, NULL, '9999-12-31', '9999-12-31', NULL, '0', NULL, NULL, NULL, NULL, NULL, NULL, NULL, NULL, NULL, 0.00, 0, NULL, NULL, NULL, NULL, NULL, NULL, NULL, NULL, 0.00, NULL, NULL, 0, '6', 'auto', now(), 'auto', now());
INSERT INTO igd_gd_cvr
(aid, gdcd, cvrcd, ap_nddt, ap_strdt, cvr_prsnm, cvr_kornm, cvr_hngl_shtnm, cvr_ennm, cvr_eng_shtnm, cvr_perdt, cvr_cla_cn, cvr_ba_trt_flgcd, is_bj_yn, isamt_need_yn, prm_adm_yn, prm_sum_bj_yn, cr_lvl_cvr_yn, pblct_out_yn, scr_idc_cvr_gpcd, pym_xmp_av_yn, xtn_av_yn, dt_inpsc_xstn_yn, age_wkct_flgcd, mn_is_age, mx_is_age, is_av_sexcd, mrrd_bj_cvr_yn, onw_cla_flgcd, invc_out_prg, ply_out_prg_1, ply_out_prg_2, inp_rt_yn, lowt_inp_rt, mx_inp_rt, mdcs_rgt_bj_yn, auto_rnw_av_yn, cvr_dbis_flgcd, rnw_af_cvrcd, is_av_drve_tycd, is_av_rel_flgcd, pym_cyccd, sl_strdt, sl_nddt, dt_scr_id, rnw_xc_cvr_yn, rl_sl_opndt, rl_sl_nddt, coobj_is_av_yn, pymtm_atnd_mtt, nrdps_sl_strdt, nrdps_sl_nddt, rlpmi_cvr_yn, cvr_trt_gp_flgcd, rnw_cvr_nclm_dscrt, rwcvr_nclm_ad_dscrt, rwcvr_nclm_ad_dctrm, rmimc_xcpt_prmex_bjyn, prs_clm_cvrcd, cvr_xcpt_dlcd, nds_xc_flgcd, clm_nds_xc_cvrcd, cvr_dc_flgcd, indpd_trt_yn, indpd_trt_gdcd, gd_cvr_dscrt, sb_pym_tpcd, cvr_xtn_dl_flgcd, cla_seqno, ibnr_flgcd, inp_usr_id, inp_dthms, mdf_usr_id, mdf_dthms)
VALUES(31, 'LAA301', 'LBFZ0002', '9999-12-31', '2022-06-01', '화재 및 붕괴 등의 손해(가재)', '화재 및 붕괴 등의 손해(가재)', '화재 및 붕괴 등의 손해(가재)', 'Damage from Fire(Household Goods)', 'Damage from Fire(Household Goods)', NULL, NULL, '01', '1', '1', '1', '1', '0', '1', NULL, NULL, NULL, '0', NULL, 0, 0, NULL, '0', NULL, NULL, NULL, NULL, NULL, 0.0000000, 0.0000000, NULL, NULL, NULL, NULL, '05', NULL, NULL, '9999-12-31', '9999-12-31', NULL, '0', NULL, NULL, NULL, NULL, NULL, NULL, NULL, NULL, NULL, 0.00, 0, NULL, NULL, NULL, NULL, NULL, NULL, NULL, NULL, 0.00, NULL, NULL, 0, '6', 'auto', now(), 'auto', now());
INSERT INTO igd_gd_cvr
(aid, gdcd, cvrcd, ap_nddt, ap_strdt, cvr_prsnm, cvr_kornm, cvr_hngl_shtnm, cvr_ennm, cvr_eng_shtnm, cvr_perdt, cvr_cla_cn, cvr_ba_trt_flgcd, is_bj_yn, isamt_need_yn, prm_adm_yn, prm_sum_bj_yn, cr_lvl_cvr_yn, pblct_out_yn, scr_idc_cvr_gpcd, pym_xmp_av_yn, xtn_av_yn, dt_inpsc_xstn_yn, age_wkct_flgcd, mn_is_age, mx_is_age, is_av_sexcd, mrrd_bj_cvr_yn, onw_cla_flgcd, invc_out_prg, ply_out_prg_1, ply_out_prg_2, inp_rt_yn, lowt_inp_rt, mx_inp_rt, mdcs_rgt_bj_yn, auto_rnw_av_yn, cvr_dbis_flgcd, rnw_af_cvrcd, is_av_drve_tycd, is_av_rel_flgcd, pym_cyccd, sl_strdt, sl_nddt, dt_scr_id, rnw_xc_cvr_yn, rl_sl_opndt, rl_sl_nddt, coobj_is_av_yn, pymtm_atnd_mtt, nrdps_sl_strdt, nrdps_sl_nddt, rlpmi_cvr_yn, cvr_trt_gp_flgcd, rnw_cvr_nclm_dscrt, rwcvr_nclm_ad_dscrt, rwcvr_nclm_ad_dctrm, rmimc_xcpt_prmex_bjyn, prs_clm_cvrcd, cvr_xcpt_dlcd, nds_xc_flgcd, clm_nds_xc_cvrcd, cvr_dc_flgcd, indpd_trt_yn, indpd_trt_gdcd, gd_cvr_dscrt, sb_pym_tpcd, cvr_xtn_dl_flgcd, cla_seqno, ibnr_flgcd, inp_usr_id, inp_dthms, mdf_usr_id, mdf_dthms)
VALUES(32, 'LAA301', 'LBFZ0003', '9999-12-31', '2022-06-01', '주택(화재 및 붕괴 등) 복구비용지원', '주택(화재 및 붕괴 등) 복구비용지원', '주택(화재 및 붕괴 등) 복구비용지원', 'Recovery Cost for housing(Fire damage)', 'Recovery Cost for housing(Fire damage)', NULL, NULL, '02', '1', '1', '1', '1', '0', '1', NULL, NULL, NULL, '0', NULL, 0, 0, NULL, '0', NULL, NULL, NULL, NULL, NULL, 0.0000000, 0.0000000, NULL, NULL, NULL, NULL, '05', NULL, NULL, '9999-12-31', '9999-12-31', NULL, '0', NULL, NULL, NULL, NULL, NULL, NULL, NULL, NULL, NULL, 0.00, 0, NULL, NULL, NULL, NULL, NULL, NULL, NULL, NULL, 0.00, NULL, NULL, 0, '6', 'auto', now(), 'auto', now());
INSERT INTO igd_gd_cvr
(aid, gdcd, cvrcd, ap_nddt, ap_strdt, cvr_prsnm, cvr_kornm, cvr_hngl_shtnm, cvr_ennm, cvr_eng_shtnm, cvr_perdt, cvr_cla_cn, cvr_ba_trt_flgcd, is_bj_yn, isamt_need_yn, prm_adm_yn, prm_sum_bj_yn, cr_lvl_cvr_yn, pblct_out_yn, scr_idc_cvr_gpcd, pym_xmp_av_yn, xtn_av_yn, dt_inpsc_xstn_yn, age_wkct_flgcd, mn_is_age, mx_is_age, is_av_sexcd, mrrd_bj_cvr_yn, onw_cla_flgcd, invc_out_prg, ply_out_prg_1, ply_out_prg_2, inp_rt_yn, lowt_inp_rt, mx_inp_rt, mdcs_rgt_bj_yn, auto_rnw_av_yn, cvr_dbis_flgcd, rnw_af_cvrcd, is_av_drve_tycd, is_av_rel_flgcd, pym_cyccd, sl_strdt, sl_nddt, dt_scr_id, rnw_xc_cvr_yn, rl_sl_opndt, rl_sl_nddt, coobj_is_av_yn, pymtm_atnd_mtt, nrdps_sl_strdt, nrdps_sl_nddt, rlpmi_cvr_yn, cvr_trt_gp_flgcd, rnw_cvr_nclm_dscrt, rwcvr_nclm_ad_dscrt, rwcvr_nclm_ad_dctrm, rmimc_xcpt_prmex_bjyn, prs_clm_cvrcd, cvr_xcpt_dlcd, nds_xc_flgcd, clm_nds_xc_cvrcd, cvr_dc_flgcd, indpd_trt_yn, indpd_trt_gdcd, gd_cvr_dscrt, sb_pym_tpcd, cvr_xtn_dl_flgcd, cla_seqno, ibnr_flgcd, inp_usr_id, inp_dthms, mdf_usr_id, mdf_dthms)
VALUES(33, 'LAA301', 'LBFZ0004', '9999-12-31', '2022-06-01', '특수건물 풍수재손해', '특수건물 풍수재손해', '특수건물 풍수재손해', 'Damage from Windstorm and Flood(Certain building', 'Damage from Windstorm and Flood(Certain building', NULL, NULL, '02', '1', '1', '1', '1', '0', '1', NULL, NULL, NULL, '0', NULL, 0, 0, NULL, '0', NULL, NULL, NULL, NULL, NULL, 0.0000000, 0.0000000, NULL, NULL, NULL, NULL, '05', NULL, NULL, '9999-12-31', '9999-12-31', NULL, '0', NULL, NULL, NULL, NULL, NULL, NULL, NULL, NULL, NULL, 0.00, 0, NULL, NULL, NULL, NULL, NULL, NULL, NULL, NULL, 0.00, NULL, NULL, 0, '6', 'auto', now(), 'auto', now());
INSERT INTO igd_gd_cvr
(aid, gdcd, cvrcd, ap_nddt, ap_strdt, cvr_prsnm, cvr_kornm, cvr_hngl_shtnm, cvr_ennm, cvr_eng_shtnm, cvr_perdt, cvr_cla_cn, cvr_ba_trt_flgcd, is_bj_yn, isamt_need_yn, prm_adm_yn, prm_sum_bj_yn, cr_lvl_cvr_yn, pblct_out_yn, scr_idc_cvr_gpcd, pym_xmp_av_yn, xtn_av_yn, dt_inpsc_xstn_yn, age_wkct_flgcd, mn_is_age, mx_is_age, is_av_sexcd, mrrd_bj_cvr_yn, onw_cla_flgcd, invc_out_prg, ply_out_prg_1, ply_out_prg_2, inp_rt_yn, lowt_inp_rt, mx_inp_rt, mdcs_rgt_bj_yn, auto_rnw_av_yn, cvr_dbis_flgcd, rnw_af_cvrcd, is_av_drve_tycd, is_av_rel_flgcd, pym_cyccd, sl_strdt, sl_nddt, dt_scr_id, rnw_xc_cvr_yn, rl_sl_opndt, rl_sl_nddt, coobj_is_av_yn, pymtm_atnd_mtt, nrdps_sl_strdt, nrdps_sl_nddt, rlpmi_cvr_yn, cvr_trt_gp_flgcd, rnw_cvr_nclm_dscrt, rwcvr_nclm_ad_dscrt, rwcvr_nclm_ad_dctrm, rmimc_xcpt_prmex_bjyn, prs_clm_cvrcd, cvr_xcpt_dlcd, nds_xc_flgcd, clm_nds_xc_cvrcd, cvr_dc_flgcd, indpd_trt_yn, indpd_trt_gdcd, gd_cvr_dscrt, sb_pym_tpcd, cvr_xtn_dl_flgcd, cla_seqno, ibnr_flgcd, inp_usr_id, inp_dthms, mdf_usr_id, mdf_dthms)
VALUES(34, 'LAA301', 'LBFZ0005', '9999-12-31', '2022-06-01', '비특수건물 풍수재손해', '비특수건물 풍수재손해', '비특수건물 풍수재손해', 'Damage from Windstorm and Flood(non-Certain building', 'Damage from Windstorm and Flood(non-Certain building', NULL, NULL, '02', '1', '1', '1', '1', '0', '1', NULL, NULL, NULL, '0', NULL, 0, 0, NULL, '0', NULL, NULL, NULL, NULL, NULL, 0.0000000, 0.0000000, NULL, NULL, NULL, NULL, '05', NULL, NULL, '9999-12-31', '9999-12-31', NULL, '0', NULL, NULL, NULL, NULL, NULL, NULL, NULL, NULL, NULL, 0.00, 0, NULL, NULL, NULL, NULL, NULL, NULL, NULL, NULL, 0.00, NULL, NULL, 0, '6', 'auto', now(), 'auto', now());
INSERT INTO igd_gd_cvr
(aid, gdcd, cvrcd, ap_nddt, ap_strdt, cvr_prsnm, cvr_kornm, cvr_hngl_shtnm, cvr_ennm, cvr_eng_shtnm, cvr_perdt, cvr_cla_cn, cvr_ba_trt_flgcd, is_bj_yn, isamt_need_yn, prm_adm_yn, prm_sum_bj_yn, cr_lvl_cvr_yn, pblct_out_yn, scr_idc_cvr_gpcd, pym_xmp_av_yn, xtn_av_yn, dt_inpsc_xstn_yn, age_wkct_flgcd, mn_is_age, mx_is_age, is_av_sexcd, mrrd_bj_cvr_yn, onw_cla_flgcd, invc_out_prg, ply_out_prg_1, ply_out_prg_2, inp_rt_yn, lowt_inp_rt, mx_inp_rt, mdcs_rgt_bj_yn, auto_rnw_av_yn, cvr_dbis_flgcd, rnw_af_cvrcd, is_av_drve_tycd, is_av_rel_flgcd, pym_cyccd, sl_strdt, sl_nddt, dt_scr_id, rnw_xc_cvr_yn, rl_sl_opndt, rl_sl_nddt, coobj_is_av_yn, pymtm_atnd_mtt, nrdps_sl_strdt, nrdps_sl_nddt, rlpmi_cvr_yn, cvr_trt_gp_flgcd, rnw_cvr_nclm_dscrt, rwcvr_nclm_ad_dscrt, rwcvr_nclm_ad_dctrm, rmimc_xcpt_prmex_bjyn, prs_clm_cvrcd, cvr_xcpt_dlcd, nds_xc_flgcd, clm_nds_xc_cvrcd, cvr_dc_flgcd, indpd_trt_yn, indpd_trt_gdcd, gd_cvr_dscrt, sb_pym_tpcd, cvr_xtn_dl_flgcd, cla_seqno, ibnr_flgcd, inp_usr_id, inp_dthms, mdf_usr_id, mdf_dthms)
VALUES(35, 'LAA301', 'LBFZ0006', '9999-12-31', '2022-06-01', '도난손해(일반가재)', '도난손해(일반가재)', '도난손해(일반가재)', 'Loss of Robbery', 'Loss of Robbery', NULL, NULL, '02', '1', '1', '1', '1', '0', '1', NULL, NULL, NULL, '0', NULL, 0, 0, NULL, '0', NULL, NULL, NULL, NULL, NULL, 0.0000000, 0.0000000, NULL, NULL, NULL, NULL, '05', NULL, NULL, '9999-12-31', '9999-12-31', NULL, '0', NULL, NULL, NULL, NULL, NULL, NULL, NULL, NULL, NULL, 0.00, 0, NULL, NULL, NULL, NULL, NULL, NULL, NULL, NULL, 0.00, NULL, NULL, 0, '6', 'auto', now(), 'auto', now());
INSERT INTO igd_gd_cvr
(aid, gdcd, cvrcd, ap_nddt, ap_strdt, cvr_prsnm, cvr_kornm, cvr_hngl_shtnm, cvr_ennm, cvr_eng_shtnm, cvr_perdt, cvr_cla_cn, cvr_ba_trt_flgcd, is_bj_yn, isamt_need_yn, prm_adm_yn, prm_sum_bj_yn, cr_lvl_cvr_yn, pblct_out_yn, scr_idc_cvr_gpcd, pym_xmp_av_yn, xtn_av_yn, dt_inpsc_xstn_yn, age_wkct_flgcd, mn_is_age, mx_is_age, is_av_sexcd, mrrd_bj_cvr_yn, onw_cla_flgcd, invc_out_prg, ply_out_prg_1, ply_out_prg_2, inp_rt_yn, lowt_inp_rt, mx_inp_rt, mdcs_rgt_bj_yn, auto_rnw_av_yn, cvr_dbis_flgcd, rnw_af_cvrcd, is_av_drve_tycd, is_av_rel_flgcd, pym_cyccd, sl_strdt, sl_nddt, dt_scr_id, rnw_xc_cvr_yn, rl_sl_opndt, rl_sl_nddt, coobj_is_av_yn, pymtm_atnd_mtt, nrdps_sl_strdt, nrdps_sl_nddt, rlpmi_cvr_yn, cvr_trt_gp_flgcd, rnw_cvr_nclm_dscrt, rwcvr_nclm_ad_dscrt, rwcvr_nclm_ad_dctrm, rmimc_xcpt_prmex_bjyn, prs_clm_cvrcd, cvr_xcpt_dlcd, nds_xc_flgcd, clm_nds_xc_cvrcd, cvr_dc_flgcd, indpd_trt_yn, indpd_trt_gdcd, gd_cvr_dscrt, sb_pym_tpcd, cvr_xtn_dl_flgcd, cla_seqno, ibnr_flgcd, inp_usr_id, inp_dthms, mdf_usr_id, mdf_dthms)
VALUES(36, 'LAA301', 'LBFZ0007', '9999-12-31', '2022-06-01', '도난손해(명기가재)', '도난손해(명기가재)', '도난손해(명기가재)', 'Loss of Robbery(Listed)', 'Loss of Robbery(Listed)', NULL, NULL, '02', '1', '1', '1', '1', '0', '1', NULL, NULL, NULL, '0', NULL, 0, 0, NULL, '0', NULL, NULL, NULL, NULL, NULL, 0.0000000, 0.0000000, NULL, NULL, NULL, NULL, '05', NULL, NULL, '9999-12-31', '9999-12-31', NULL, '0', NULL, NULL, NULL, NULL, NULL, NULL, NULL, NULL, NULL, 0.00, 0, NULL, NULL, NULL, NULL, NULL, NULL, NULL, NULL, 0.00, NULL, NULL, 0, '6', 'auto', now(), 'auto', now());
INSERT INTO igd_gd_cvr
(aid, gdcd, cvrcd, ap_nddt, ap_strdt, cvr_prsnm, cvr_kornm, cvr_hngl_shtnm, cvr_ennm, cvr_eng_shtnm, cvr_perdt, cvr_cla_cn, cvr_ba_trt_flgcd, is_bj_yn, isamt_need_yn, prm_adm_yn, prm_sum_bj_yn, cr_lvl_cvr_yn, pblct_out_yn, scr_idc_cvr_gpcd, pym_xmp_av_yn, xtn_av_yn, dt_inpsc_xstn_yn, age_wkct_flgcd, mn_is_age, mx_is_age, is_av_sexcd, mrrd_bj_cvr_yn, onw_cla_flgcd, invc_out_prg, ply_out_prg_1, ply_out_prg_2, inp_rt_yn, lowt_inp_rt, mx_inp_rt, mdcs_rgt_bj_yn, auto_rnw_av_yn, cvr_dbis_flgcd, rnw_af_cvrcd, is_av_drve_tycd, is_av_rel_flgcd, pym_cyccd, sl_strdt, sl_nddt, dt_scr_id, rnw_xc_cvr_yn, rl_sl_opndt, rl_sl_nddt, coobj_is_av_yn, pymtm_atnd_mtt, nrdps_sl_strdt, nrdps_sl_nddt, rlpmi_cvr_yn, cvr_trt_gp_flgcd, rnw_cvr_nclm_dscrt, rwcvr_nclm_ad_dscrt, rwcvr_nclm_ad_dctrm, rmimc_xcpt_prmex_bjyn, prs_clm_cvrcd, cvr_xcpt_dlcd, nds_xc_flgcd, clm_nds_xc_cvrcd, cvr_dc_flgcd, indpd_trt_yn, indpd_trt_gdcd, gd_cvr_dscrt, sb_pym_tpcd, cvr_xtn_dl_flgcd, cla_seqno, ibnr_flgcd, inp_usr_id, inp_dthms, mdf_usr_id, mdf_dthms)
VALUES(37, 'LAA301', 'LBFZ0008', '9999-12-31', '2022-06-01', '급배수시설누출손해(자기부담금10%)', '급배수시설누출손해(자기부담금10%)', '급배수시설누출손해(자기부담금10%)', 'Damage from Leakage of Plumbing', 'Damage from Leakage of Plumbing', NULL, NULL, '02', '1', '1', '1', '1', '0', '1', NULL, NULL, NULL, '0', NULL, 0, 0, NULL, '0', NULL, NULL, NULL, NULL, NULL, 0.0000000, 0.0000000, NULL, NULL, NULL, NULL, '05', NULL, NULL, '9999-12-31', '9999-12-31', NULL, '0', NULL, NULL, NULL, NULL, NULL, NULL, NULL, NULL, NULL, 0.00, 0, NULL, NULL, NULL, NULL, NULL, NULL, NULL, NULL, 0.00, NULL, NULL, 0, '6', 'auto', now(), 'auto', now());
INSERT INTO igd_gd_cvr
(aid, gdcd, cvrcd, ap_nddt, ap_strdt, cvr_prsnm, cvr_kornm, cvr_hngl_shtnm, cvr_ennm, cvr_eng_shtnm, cvr_perdt, cvr_cla_cn, cvr_ba_trt_flgcd, is_bj_yn, isamt_need_yn, prm_adm_yn, prm_sum_bj_yn, cr_lvl_cvr_yn, pblct_out_yn, scr_idc_cvr_gpcd, pym_xmp_av_yn, xtn_av_yn, dt_inpsc_xstn_yn, age_wkct_flgcd, mn_is_age, mx_is_age, is_av_sexcd, mrrd_bj_cvr_yn, onw_cla_flgcd, invc_out_prg, ply_out_prg_1, ply_out_prg_2, inp_rt_yn, lowt_inp_rt, mx_inp_rt, mdcs_rgt_bj_yn, auto_rnw_av_yn, cvr_dbis_flgcd, rnw_af_cvrcd, is_av_drve_tycd, is_av_rel_flgcd, pym_cyccd, sl_strdt, sl_nddt, dt_scr_id, rnw_xc_cvr_yn, rl_sl_opndt, rl_sl_nddt, coobj_is_av_yn, pymtm_atnd_mtt, nrdps_sl_strdt, nrdps_sl_nddt, rlpmi_cvr_yn, cvr_trt_gp_flgcd, rnw_cvr_nclm_dscrt, rwcvr_nclm_ad_dscrt, rwcvr_nclm_ad_dctrm, rmimc_xcpt_prmex_bjyn, prs_clm_cvrcd, cvr_xcpt_dlcd, nds_xc_flgcd, clm_nds_xc_cvrcd, cvr_dc_flgcd, indpd_trt_yn, indpd_trt_gdcd, gd_cvr_dscrt, sb_pym_tpcd, cvr_xtn_dl_flgcd, cla_seqno, ibnr_flgcd, inp_usr_id, inp_dthms, mdf_usr_id, mdf_dthms)
VALUES(38, 'LAA301', 'LBZZ9999', '9999-12-31', '2022-06-01', '적립', '적립', '적립', 'Saving', 'Saving', NULL, NULL, '01', '1', '1', '1', '1', '0', '1', NULL, NULL, NULL, '0', NULL, 0, 0, NULL, '0', NULL, NULL, NULL, NULL, NULL, 0.0000000, 0.0000000, NULL, NULL, NULL, NULL, '05', NULL, NULL, '9999-12-31', '9999-12-31', NULL, '0', NULL, NULL, NULL, NULL, NULL, NULL, NULL, NULL, NULL, 0.00, 0, NULL, NULL, NULL, NULL, NULL, NULL, NULL, NULL, 0.00, NULL, NULL, 0, NULL, 'auto', now(), 'auto', now());
INSERT INTO igd_gd_cvr
(aid, gdcd, cvrcd, ap_nddt, ap_strdt, cvr_prsnm, cvr_kornm, cvr_hngl_shtnm, cvr_ennm, cvr_eng_shtnm, cvr_perdt, cvr_cla_cn, cvr_ba_trt_flgcd, is_bj_yn, isamt_need_yn, prm_adm_yn, prm_sum_bj_yn, cr_lvl_cvr_yn, pblct_out_yn, scr_idc_cvr_gpcd, pym_xmp_av_yn, xtn_av_yn, dt_inpsc_xstn_yn, age_wkct_flgcd, mn_is_age, mx_is_age, is_av_sexcd, mrrd_bj_cvr_yn, onw_cla_flgcd, invc_out_prg, ply_out_prg_1, ply_out_prg_2, inp_rt_yn, lowt_inp_rt, mx_inp_rt, mdcs_rgt_bj_yn, auto_rnw_av_yn, cvr_dbis_flgcd, rnw_af_cvrcd, is_av_drve_tycd, is_av_rel_flgcd, pym_cyccd, sl_strdt, sl_nddt, dt_scr_id, rnw_xc_cvr_yn, rl_sl_opndt, rl_sl_nddt, coobj_is_av_yn, pymtm_atnd_mtt, nrdps_sl_strdt, nrdps_sl_nddt, rlpmi_cvr_yn, cvr_trt_gp_flgcd, rnw_cvr_nclm_dscrt, rwcvr_nclm_ad_dscrt, rwcvr_nclm_ad_dctrm, rmimc_xcpt_prmex_bjyn, prs_clm_cvrcd, cvr_xcpt_dlcd, nds_xc_flgcd, clm_nds_xc_cvrcd, cvr_dc_flgcd, indpd_trt_yn, indpd_trt_gdcd, gd_cvr_dscrt, sb_pym_tpcd, cvr_xtn_dl_flgcd, cla_seqno, ibnr_flgcd, inp_usr_id, inp_dthms, mdf_usr_id, mdf_dthms)
VALUES(39, 'LAA301', 'LGEZ0001', '9999-12-31', '2022-06-01', '가족 일상생활중 배상책임', '가족 일상생활중 배상책임', '가족 일상생활중 배상책임', 'Liability(Familiy)', 'Liability(Familiy)', NULL, NULL, '02', '1', '1', '1', '1', '0', '1', NULL, NULL, NULL, '0', NULL, 0, 0, NULL, '0', NULL, NULL, NULL, NULL, NULL, 0.0000000, 0.0000000, NULL, NULL, NULL, NULL, '05', NULL, NULL, '9999-12-31', '9999-12-31', NULL, '0', NULL, NULL, NULL, NULL, NULL, NULL, NULL, NULL, NULL, 0.00, 0, NULL, NULL, NULL, NULL, NULL, NULL, NULL, NULL, 0.00, NULL, NULL, 0, '6', 'auto', now(), 'auto', now());
INSERT INTO igd_gd_cvr
(aid, gdcd, cvrcd, ap_nddt, ap_strdt, cvr_prsnm, cvr_kornm, cvr_hngl_shtnm, cvr_ennm, cvr_eng_shtnm, cvr_perdt, cvr_cla_cn, cvr_ba_trt_flgcd, is_bj_yn, isamt_need_yn, prm_adm_yn, prm_sum_bj_yn, cr_lvl_cvr_yn, pblct_out_yn, scr_idc_cvr_gpcd, pym_xmp_av_yn, xtn_av_yn, dt_inpsc_xstn_yn, age_wkct_flgcd, mn_is_age, mx_is_age, is_av_sexcd, mrrd_bj_cvr_yn, onw_cla_flgcd, invc_out_prg, ply_out_prg_1, ply_out_prg_2, inp_rt_yn, lowt_inp_rt, mx_inp_rt, mdcs_rgt_bj_yn, auto_rnw_av_yn, cvr_dbis_flgcd, rnw_af_cvrcd, is_av_drve_tycd, is_av_rel_flgcd, pym_cyccd, sl_strdt, sl_nddt, dt_scr_id, rnw_xc_cvr_yn, rl_sl_opndt, rl_sl_nddt, coobj_is_av_yn, pymtm_atnd_mtt, nrdps_sl_strdt, nrdps_sl_nddt, rlpmi_cvr_yn, cvr_trt_gp_flgcd, rnw_cvr_nclm_dscrt, rwcvr_nclm_ad_dscrt, rwcvr_nclm_ad_dctrm, rmimc_xcpt_prmex_bjyn, prs_clm_cvrcd, cvr_xcpt_dlcd, nds_xc_flgcd, clm_nds_xc_cvrcd, cvr_dc_flgcd, indpd_trt_yn, indpd_trt_gdcd, gd_cvr_dscrt, sb_pym_tpcd, cvr_xtn_dl_flgcd, cla_seqno, ibnr_flgcd, inp_usr_id, inp_dthms, mdf_usr_id, mdf_dthms)
VALUES(40, 'LAA301', 'LGEZ0002', '9999-12-31', '2022-06-01', '가족 일상생활중 배상책임(화재(폭발포함)배상제외)', '가족 일상생활중 배상책임(화재(폭발포함)배상제외)', '가족 일상생활중 배상책임(화재(폭발포함)배상제외)', 'Liability(Familiy)(except Fire)', 'Liability(Familiy)(except Fire)', NULL, NULL, '02', '1', '1', '1', '1', '0', '1', NULL, NULL, NULL, '0', NULL, 0, 0, NULL, '0', NULL, NULL, NULL, NULL, NULL, 0.0000000, 0.0000000, NULL, NULL, NULL, NULL, '05', NULL, NULL, '9999-12-31', '9999-12-31', NULL, '0', NULL, NULL, NULL, NULL, NULL, NULL, NULL, NULL, NULL, 0.00, 0, NULL, NULL, NULL, NULL, NULL, NULL, NULL, NULL, 0.00, NULL, NULL, 0, '6', 'auto', now(), 'auto', now());
INSERT INTO igd_cvr
(cvrcd, cvr_prsnm, cvr_kornm, cvr_hngl_shtnm, cvr_ennm, cvr_eng_shtnm, indpd_trt_cvr_yn, cvr_perdt, cvr_xpnm, fr_gdcd, vald_strdt, vald_nddt, prst_lclcd, prst_mdccd, prst_smccd, rlpmi_fxamt_flgcd, gn_cncd, cvr_spcd, cpyt_flgcd, uiamt_stncd, cmp_trmcd, ward_diamt_flgcd, npp_hlprm_napc_flgcd, inp_usr_id, inp_dthms, mdf_usr_id, mdf_dthms)
VALUES('LBAA0001', '엄마담보(태아처리용)', '엄마담보(태아처리용)', '엄마담보(태아처리용)', 'Mommy''s clause', 'Mommy''s clause', '0', NULL, NULL, '', '2021-04-01', '9999-12-31', NULL, NULL, NULL, NULL, NULL, NULL, NULL, NULL, NULL, NULL, NULL, 'auto', now(), 'auto', now());
INSERT INTO igd_cvr
(cvrcd, cvr_prsnm, cvr_kornm, cvr_hngl_shtnm, cvr_ennm, cvr_eng_shtnm, indpd_trt_cvr_yn, cvr_perdt, cvr_xpnm, fr_gdcd, vald_strdt, vald_nddt, prst_lclcd, prst_mdccd, prst_smccd, rlpmi_fxamt_flgcd, gn_cncd, cvr_spcd, cpyt_flgcd, uiamt_stncd, cmp_trmcd, ward_diamt_flgcd, npp_hlprm_napc_flgcd, inp_usr_id, inp_dthms, mdf_usr_id, mdf_dthms)
VALUES('LGAA0001', '상해급여 실손의료비', '상해급여 실손의료비', '상해급여 실손의료비', 'Medical Expenses (G_Injuries)', 'Medical Expenses (G_Injuries)', '0', NULL, NULL, '', '2021-04-01', '9999-12-31', '01', '01', '01', '01', '100', '3', '0', '0', '0', '0', '0', 'auto', now(), 'auto', now());
INSERT INTO igd_cvr
(cvrcd, cvr_prsnm, cvr_kornm, cvr_hngl_shtnm, cvr_ennm, cvr_eng_shtnm, indpd_trt_cvr_yn, cvr_perdt, cvr_xpnm, fr_gdcd, vald_strdt, vald_nddt, prst_lclcd, prst_mdccd, prst_smccd, rlpmi_fxamt_flgcd, gn_cncd, cvr_spcd, cpyt_flgcd, uiamt_stncd, cmp_trmcd, ward_diamt_flgcd, npp_hlprm_napc_flgcd, inp_usr_id, inp_dthms, mdf_usr_id, mdf_dthms)
VALUES('LGAA0002', '상해비급여 실손의료비', '상해비급여 실손의료비', '상해비급여 실손의료비', 'Medical Expenses (B_Injuries)', 'Medical Expenses (B_Injuries)', '0', NULL, NULL, '', '2021-04-01', '9999-12-31', '01', '01', '01', '01', '100', '3', '0', '0', '0', '0', '0', 'auto', now(), 'auto', now());
INSERT INTO igd_cvr
(cvrcd, cvr_prsnm, cvr_kornm, cvr_hngl_shtnm, cvr_ennm, cvr_eng_shtnm, indpd_trt_cvr_yn, cvr_perdt, cvr_xpnm, fr_gdcd, vald_strdt, vald_nddt, prst_lclcd, prst_mdccd, prst_smccd, rlpmi_fxamt_flgcd, gn_cncd, cvr_spcd, cpyt_flgcd, uiamt_stncd, cmp_trmcd, ward_diamt_flgcd, npp_hlprm_napc_flgcd, inp_usr_id, inp_dthms, mdf_usr_id, mdf_dthms)
VALUES('LGAA0003', '[테스트용] 상해3대비급여 실손의료비', '[테스트용] 상해3대비급여 실손의료비', '[테스트용] 상해3대비급여 실손의료비', 'Medical Expenses (B_3_Injuries)', 'Medical Expenses (B_3_Injuries)', '0', NULL, NULL, '', '2021-04-01', '9999-12-31', '01', '01', '01', '01', '100', '3', '0', '0', '0', '0', '0', 'auto', now(), 'auto', now());
INSERT INTO igd_cvr
(cvrcd, cvr_prsnm, cvr_kornm, cvr_hngl_shtnm, cvr_ennm, cvr_eng_shtnm, indpd_trt_cvr_yn, cvr_perdt, cvr_xpnm, fr_gdcd, vald_strdt, vald_nddt, prst_lclcd, prst_mdccd, prst_smccd, rlpmi_fxamt_flgcd, gn_cncd, cvr_spcd, cpyt_flgcd, uiamt_stncd, cmp_trmcd, ward_diamt_flgcd, npp_hlprm_napc_flgcd, inp_usr_id, inp_dthms, mdf_usr_id, mdf_dthms)
VALUES('LGBA0001', '질병급여 실손의료비', '질병급여 실손의료비', '질병급여 실손의료비', 'Medical Expenses (G_Disease)', 'Medical Expenses (G_Disease)', '0', NULL, NULL, '', '2021-04-01', '9999-12-31', '01', '01', '01', '01', '200', '3', '0', '0', '0', '0', '0', 'auto', now(), 'auto', now());
INSERT INTO igd_cvr
(cvrcd, cvr_prsnm, cvr_kornm, cvr_hngl_shtnm, cvr_ennm, cvr_eng_shtnm, indpd_trt_cvr_yn, cvr_perdt, cvr_xpnm, fr_gdcd, vald_strdt, vald_nddt, prst_lclcd, prst_mdccd, prst_smccd, rlpmi_fxamt_flgcd, gn_cncd, cvr_spcd, cpyt_flgcd, uiamt_stncd, cmp_trmcd, ward_diamt_flgcd, npp_hlprm_napc_flgcd, inp_usr_id, inp_dthms, mdf_usr_id, mdf_dthms)
VALUES('LGBA0002', '질병비급여 실손의료비', '질병비급여 실손의료비', '질병비급여 실손의료비', 'Medical Expenses (B_Disease)', 'Medical Expenses (B_Disease)', '0', NULL, NULL, '', '2021-04-01', '9999-12-31', '01', '01', '01', '01', '200', '3', '0', '0', '0', '0', '0', 'auto', now(), 'auto', now());
INSERT INTO igd_cvr
(cvrcd, cvr_prsnm, cvr_kornm, cvr_hngl_shtnm, cvr_ennm, cvr_eng_shtnm, indpd_trt_cvr_yn, cvr_perdt, cvr_xpnm, fr_gdcd, vald_strdt, vald_nddt, prst_lclcd, prst_mdccd, prst_smccd, rlpmi_fxamt_flgcd, gn_cncd, cvr_spcd, cpyt_flgcd, uiamt_stncd, cmp_trmcd, ward_diamt_flgcd, npp_hlprm_napc_flgcd, inp_usr_id, inp_dthms, mdf_usr_id, mdf_dthms)
VALUES('LGBA0003', '[테스트용] 질병3대비급여 실손의료비', '[테스트용] 질병3대비급여 실손의료비', '[테스트용] 질병3대비급여 실손의료비', 'Medical Expenses (B_3_Disease)', 'Medical Expenses (B_3_Disease)', '0', NULL, NULL, '', '2021-04-01', '9999-12-31', '01', '01', '01', '01', '200', '3', '0', '0', '0', '0', '0', 'auto', now(), 'auto', now());
INSERT INTO igd_cvr
(cvrcd, cvr_prsnm, cvr_kornm, cvr_hngl_shtnm, cvr_ennm, cvr_eng_shtnm, indpd_trt_cvr_yn, cvr_perdt, cvr_xpnm, fr_gdcd, vald_strdt, vald_nddt, prst_lclcd, prst_mdccd, prst_smccd, rlpmi_fxamt_flgcd, gn_cncd, cvr_spcd, cpyt_flgcd, uiamt_stncd, cmp_trmcd, ward_diamt_flgcd, npp_hlprm_napc_flgcd, inp_usr_id, inp_dthms, mdf_usr_id, mdf_dthms)
VALUES('LGCA0001', '3대비급여 실손의료비', '3대비급여 실손의료비', '3대비급여 실손의료비', 'Medical Expenses (B_3)', 'Medical Expenses (B_3)', '0', NULL, NULL, '', '2021-04-01', '9999-12-31', '01', '01', '01', '01', '300', '3', '0', '0', '0', '0', '0', 'auto', now(), 'auto', now());
INSERT INTO igd_cvr
(cvrcd, cvr_prsnm, cvr_kornm, cvr_hngl_shtnm, cvr_ennm, cvr_eng_shtnm, indpd_trt_cvr_yn, cvr_perdt, cvr_xpnm, fr_gdcd, vald_strdt, vald_nddt, prst_lclcd, prst_mdccd, prst_smccd, rlpmi_fxamt_flgcd, gn_cncd, cvr_spcd, cpyt_flgcd, uiamt_stncd, cmp_trmcd, ward_diamt_flgcd, npp_hlprm_napc_flgcd, inp_usr_id, inp_dthms, mdf_usr_id, mdf_dthms)
VALUES('LBAA0002', '상해사망', '상해사망', '상해사망', 'Death(Injuries)', 'Death(Injuries)', '0', NULL, NULL, '', '2022-06-01', '9999-12-31', NULL, NULL, NULL, '02', NULL, NULL, NULL, NULL, NULL, NULL, NULL, 'auto', now(), 'auto', now());
INSERT INTO igd_cvr
(cvrcd, cvr_prsnm, cvr_kornm, cvr_hngl_shtnm, cvr_ennm, cvr_eng_shtnm, indpd_trt_cvr_yn, cvr_perdt, cvr_xpnm, fr_gdcd, vald_strdt, vald_nddt, prst_lclcd, prst_mdccd, prst_smccd, rlpmi_fxamt_flgcd, gn_cncd, cvr_spcd, cpyt_flgcd, uiamt_stncd, cmp_trmcd, ward_diamt_flgcd, npp_hlprm_napc_flgcd, inp_usr_id, inp_dthms, mdf_usr_id, mdf_dthms)
VALUES('LBAA0003', '화재 및 붕괴 등의 상해 사망', '화재 및 붕괴 등의 상해 사망', '화재 및 붕괴 등의 상해 사망', 'Death(Fire, Collapse, etc.)', 'Death(Fire, Collapse, etc.)', '0', NULL, NULL, '', '2022-06-01', '9999-12-31', NULL, NULL, NULL, '02', NULL, NULL, NULL, NULL, NULL, NULL, NULL, 'auto', now(), 'auto', now());
INSERT INTO igd_cvr
(cvrcd, cvr_prsnm, cvr_kornm, cvr_hngl_shtnm, cvr_ennm, cvr_eng_shtnm, indpd_trt_cvr_yn, cvr_perdt, cvr_xpnm, fr_gdcd, vald_strdt, vald_nddt, prst_lclcd, prst_mdccd, prst_smccd, rlpmi_fxamt_flgcd, gn_cncd, cvr_spcd, cpyt_flgcd, uiamt_stncd, cmp_trmcd, ward_diamt_flgcd, npp_hlprm_napc_flgcd, inp_usr_id, inp_dthms, mdf_usr_id, mdf_dthms)
VALUES('LBAB0001', '상해 후유장해(3~100%)', '상해 후유장해(3~100%)', '상해 후유장해(3~100%)', 'Disability(3~100%)(Injuries)', 'Disability(3~100%)(Injuries)', '0', NULL, NULL, '', '2022-06-01', '9999-12-31', NULL, NULL, NULL, '02', NULL, NULL, NULL, NULL, NULL, NULL, NULL, 'auto', now(), 'auto', now());
INSERT INTO igd_cvr
(cvrcd, cvr_prsnm, cvr_kornm, cvr_hngl_shtnm, cvr_ennm, cvr_eng_shtnm, indpd_trt_cvr_yn, cvr_perdt, cvr_xpnm, fr_gdcd, vald_strdt, vald_nddt, prst_lclcd, prst_mdccd, prst_smccd, rlpmi_fxamt_flgcd, gn_cncd, cvr_spcd, cpyt_flgcd, uiamt_stncd, cmp_trmcd, ward_diamt_flgcd, npp_hlprm_napc_flgcd, inp_usr_id, inp_dthms, mdf_usr_id, mdf_dthms)
VALUES('LBAB0002', '화재 및 붕괴 등의 상해 후유장해(3~100%)', '화재 및 붕괴 등의 상해 후유장해(3~100%)', '화재 및 붕괴 등의 상해 후유장해(3~100%)', 'Disability(3~100%)(Fire, Collapse, etc.)', 'Disability(3~100%)(Fire, Collapse, etc.)', '0', NULL, NULL, '', '2022-06-01', '9999-12-31', NULL, NULL, NULL, '02', NULL, NULL, NULL, NULL, NULL, NULL, NULL, 'auto', now(), 'auto', now());
INSERT INTO igd_cvr
(cvrcd, cvr_prsnm, cvr_kornm, cvr_hngl_shtnm, cvr_ennm, cvr_eng_shtnm, indpd_trt_cvr_yn, cvr_perdt, cvr_xpnm, fr_gdcd, vald_strdt, vald_nddt, prst_lclcd, prst_mdccd, prst_smccd, rlpmi_fxamt_flgcd, gn_cncd, cvr_spcd, cpyt_flgcd, uiamt_stncd, cmp_trmcd, ward_diamt_flgcd, npp_hlprm_napc_flgcd, inp_usr_id, inp_dthms, mdf_usr_id, mdf_dthms)
VALUES('LBAC0001', '화상 진단비', '화상 진단비', '화상 진단비', 'Burn Dignosis', 'Burn Dignosis', '0', NULL, NULL, '', '2022-06-01', '9999-12-31', NULL, NULL, NULL, '02', NULL, NULL, NULL, NULL, NULL, NULL, NULL, 'auto', now(), 'auto', now());
INSERT INTO igd_cvr
(cvrcd, cvr_prsnm, cvr_kornm, cvr_hngl_shtnm, cvr_ennm, cvr_eng_shtnm, indpd_trt_cvr_yn, cvr_perdt, cvr_xpnm, fr_gdcd, vald_strdt, vald_nddt, prst_lclcd, prst_mdccd, prst_smccd, rlpmi_fxamt_flgcd, gn_cncd, cvr_spcd, cpyt_flgcd, uiamt_stncd, cmp_trmcd, ward_diamt_flgcd, npp_hlprm_napc_flgcd, inp_usr_id, inp_dthms, mdf_usr_id, mdf_dthms)
VALUES('LBAD0001', '상해 입원일당(1일이상)', '상해 입원일당(1일이상)', '상해 입원일당(1일이상)', 'Hospitalization(Injuries)', 'Hospitalization(Injuries)', '0', NULL, NULL, '', '2022-06-01', '9999-12-31', NULL, NULL, NULL, '02', NULL, NULL, NULL, NULL, NULL, NULL, NULL, 'auto', now(), 'auto', now());
INSERT INTO igd_cvr
(cvrcd, cvr_prsnm, cvr_kornm, cvr_hngl_shtnm, cvr_ennm, cvr_eng_shtnm, indpd_trt_cvr_yn, cvr_perdt, cvr_xpnm, fr_gdcd, vald_strdt, vald_nddt, prst_lclcd, prst_mdccd, prst_smccd, rlpmi_fxamt_flgcd, gn_cncd, cvr_spcd, cpyt_flgcd, uiamt_stncd, cmp_trmcd, ward_diamt_flgcd, npp_hlprm_napc_flgcd, inp_usr_id, inp_dthms, mdf_usr_id, mdf_dthms)
VALUES('LBAE0001', '상해 수술비', '상해 수술비', '상해 수술비', 'Surgery(Injuries)', 'Surgery(Injuries)', '0', NULL, NULL, '', '2022-06-01', '9999-12-31', NULL, NULL, NULL, '02', NULL, NULL, NULL, NULL, NULL, NULL, NULL, 'auto', now(), 'auto', now());
INSERT INTO igd_cvr
(cvrcd, cvr_prsnm, cvr_kornm, cvr_hngl_shtnm, cvr_ennm, cvr_eng_shtnm, indpd_trt_cvr_yn, cvr_perdt, cvr_xpnm, fr_gdcd, vald_strdt, vald_nddt, prst_lclcd, prst_mdccd, prst_smccd, rlpmi_fxamt_flgcd, gn_cncd, cvr_spcd, cpyt_flgcd, uiamt_stncd, cmp_trmcd, ward_diamt_flgcd, npp_hlprm_napc_flgcd, inp_usr_id, inp_dthms, mdf_usr_id, mdf_dthms)
VALUES('LBAE0002', '화상 수술비', '화상 수술비', '화상 수술비', 'Burn Surgery', 'Burn Surgery', '0', NULL, NULL, '', '2022-06-01', '9999-12-31', NULL, NULL, NULL, '02', NULL, NULL, NULL, NULL, NULL, NULL, NULL, 'auto', now(), 'auto', now());
INSERT INTO igd_cvr
(cvrcd, cvr_prsnm, cvr_kornm, cvr_hngl_shtnm, cvr_ennm, cvr_eng_shtnm, indpd_trt_cvr_yn, cvr_perdt, cvr_xpnm, fr_gdcd, vald_strdt, vald_nddt, prst_lclcd, prst_mdccd, prst_smccd, rlpmi_fxamt_flgcd, gn_cncd, cvr_spcd, cpyt_flgcd, uiamt_stncd, cmp_trmcd, ward_diamt_flgcd, npp_hlprm_napc_flgcd, inp_usr_id, inp_dthms, mdf_usr_id, mdf_dthms)
VALUES('LBDZ0001', '화재 및 붕괴 등의 임시거주비(1일이상)', '화재 및 붕괴 등의 임시거주비(1일이상)', '화재 및 붕괴 등의 임시거주비(1일이상)', 'Cost of living due to Fire, Collapse', 'Cost of living due to Fire, Collapse', '0', NULL, NULL, '', '2022-06-01', '9999-12-31', NULL, NULL, NULL, '01', NULL, '0', '0', '0', '0', '0', '0', 'auto', now(), 'auto', now());
INSERT INTO igd_cvr
(cvrcd, cvr_prsnm, cvr_kornm, cvr_hngl_shtnm, cvr_ennm, cvr_eng_shtnm, indpd_trt_cvr_yn, cvr_perdt, cvr_xpnm, fr_gdcd, vald_strdt, vald_nddt, prst_lclcd, prst_mdccd, prst_smccd, rlpmi_fxamt_flgcd, gn_cncd, cvr_spcd, cpyt_flgcd, uiamt_stncd, cmp_trmcd, ward_diamt_flgcd, npp_hlprm_napc_flgcd, inp_usr_id, inp_dthms, mdf_usr_id, mdf_dthms)
VALUES('LBDZ0002', '화재벌금', '화재벌금', '화재벌금', 'Fine due to Fire', 'Fine due to Fire', '0', NULL, NULL, '', '2022-06-01', '9999-12-31', NULL, NULL, NULL, '01', '401', '0', '0', '0', '0', '0', '0', 'auto', now(), 'auto', now());
INSERT INTO igd_cvr
(cvrcd, cvr_prsnm, cvr_kornm, cvr_hngl_shtnm, cvr_ennm, cvr_eng_shtnm, indpd_trt_cvr_yn, cvr_perdt, cvr_xpnm, fr_gdcd, vald_strdt, vald_nddt, prst_lclcd, prst_mdccd, prst_smccd, rlpmi_fxamt_flgcd, gn_cncd, cvr_spcd, cpyt_flgcd, uiamt_stncd, cmp_trmcd, ward_diamt_flgcd, npp_hlprm_napc_flgcd, inp_usr_id, inp_dthms, mdf_usr_id, mdf_dthms)
VALUES('LBDZ0003', '가족화재벌금', '가족화재벌금', '가족화재벌금', 'Fine due to Fire(Family)', 'Fine due to Fire(Family)', '0', NULL, NULL, '', '2022-06-01', '9999-12-31', NULL, NULL, NULL, '01', '401', '0', '0', '0', '0', '0', '0', 'auto', now(), 'auto', now());
INSERT INTO igd_cvr
(cvrcd, cvr_prsnm, cvr_kornm, cvr_hngl_shtnm, cvr_ennm, cvr_eng_shtnm, indpd_trt_cvr_yn, cvr_perdt, cvr_xpnm, fr_gdcd, vald_strdt, vald_nddt, prst_lclcd, prst_mdccd, prst_smccd, rlpmi_fxamt_flgcd, gn_cncd, cvr_spcd, cpyt_flgcd, uiamt_stncd, cmp_trmcd, ward_diamt_flgcd, npp_hlprm_napc_flgcd, inp_usr_id, inp_dthms, mdf_usr_id, mdf_dthms)
VALUES('LBDZ0004', '민사소송 법률비용손해', '민사소송 법률비용손해', '민사소송 법률비용손해', 'Legal Expenses for Civil case', 'Legal Expenses for Civil case', '0', NULL, NULL, '', '2022-06-01', '9999-12-31', NULL, NULL, NULL, '01', '930', '0', '0', '0', '0', '0', '0', 'auto', now(), 'auto', now());
INSERT INTO igd_cvr
(cvrcd, cvr_prsnm, cvr_kornm, cvr_hngl_shtnm, cvr_ennm, cvr_eng_shtnm, indpd_trt_cvr_yn, cvr_perdt, cvr_xpnm, fr_gdcd, vald_strdt, vald_nddt, prst_lclcd, prst_mdccd, prst_smccd, rlpmi_fxamt_flgcd, gn_cncd, cvr_spcd, cpyt_flgcd, uiamt_stncd, cmp_trmcd, ward_diamt_flgcd, npp_hlprm_napc_flgcd, inp_usr_id, inp_dthms, mdf_usr_id, mdf_dthms)
VALUES('LBDZ0005', '6대가전제품 고장수리비용', '6대가전제품 고장수리비용', '6대가전제품 고장수리비용', 'Repair Cost for 6 Appliances', 'Repair Cost for 6 Appliances', '0', NULL, NULL, '', '2022-06-01', '9999-12-31', NULL, NULL, NULL, '01', '925', '0', '0', '0', '0', '0', '0', 'auto', now(), 'auto', now());
INSERT INTO igd_cvr
(cvrcd, cvr_prsnm, cvr_kornm, cvr_hngl_shtnm, cvr_ennm, cvr_eng_shtnm, indpd_trt_cvr_yn, cvr_perdt, cvr_xpnm, fr_gdcd, vald_strdt, vald_nddt, prst_lclcd, prst_mdccd, prst_smccd, rlpmi_fxamt_flgcd, gn_cncd, cvr_spcd, cpyt_flgcd, uiamt_stncd, cmp_trmcd, ward_diamt_flgcd, npp_hlprm_napc_flgcd, inp_usr_id, inp_dthms, mdf_usr_id, mdf_dthms)
VALUES('LBDZ0006', '신6대가전제품 고장수리비용', '신6대가전제품 고장수리비용', '신6대가전제품 고장수리비용', 'Repair Cost for New 6 Appliances', 'Repair Cost for New 6 Appliances', '0', NULL, NULL, '', '2022-06-01', '9999-12-31', NULL, NULL, NULL, '01', '925', '0', '0', '0', '0', '0', '0', 'auto', now(), 'auto', now());
INSERT INTO igd_cvr
(cvrcd, cvr_prsnm, cvr_kornm, cvr_hngl_shtnm, cvr_ennm, cvr_eng_shtnm, indpd_trt_cvr_yn, cvr_perdt, cvr_xpnm, fr_gdcd, vald_strdt, vald_nddt, prst_lclcd, prst_mdccd, prst_smccd, rlpmi_fxamt_flgcd, gn_cncd, cvr_spcd, cpyt_flgcd, uiamt_stncd, cmp_trmcd, ward_diamt_flgcd, npp_hlprm_napc_flgcd, inp_usr_id, inp_dthms, mdf_usr_id, mdf_dthms)
VALUES('LBDZ0007', '12대가전제품 고장수리비용', '12대가전제품 고장수리비용', '12대가전제품 고장수리비용', 'Repair Cost for 12 Appliances', 'Repair Cost for 12 Appliances', '0', NULL, NULL, '', '2022-06-01', '9999-12-31', NULL, NULL, NULL, '01', '925', '0', '0', '0', '0', '0', '0', 'auto', now(), 'auto', now());
INSERT INTO igd_cvr
(cvrcd, cvr_prsnm, cvr_kornm, cvr_hngl_shtnm, cvr_ennm, cvr_eng_shtnm, indpd_trt_cvr_yn, cvr_perdt, cvr_xpnm, fr_gdcd, vald_strdt, vald_nddt, prst_lclcd, prst_mdccd, prst_smccd, rlpmi_fxamt_flgcd, gn_cncd, cvr_spcd, cpyt_flgcd, uiamt_stncd, cmp_trmcd, ward_diamt_flgcd, npp_hlprm_napc_flgcd, inp_usr_id, inp_dthms, mdf_usr_id, mdf_dthms)
VALUES('LBEZ0001', '화재(폭발포함) 배상책임', '화재(폭발포함) 배상책임', '화재(폭발포함) 배상책임', 'Liability due to Fire', 'Liability due to Fire', '0', NULL, NULL, '', '2022-06-01', '9999-12-31', NULL, NULL, NULL, '01', NULL, '0', '0', '0', '0', '0', '0', 'auto', now(), 'auto', now());
INSERT INTO igd_cvr
(cvrcd, cvr_prsnm, cvr_kornm, cvr_hngl_shtnm, cvr_ennm, cvr_eng_shtnm, indpd_trt_cvr_yn, cvr_perdt, cvr_xpnm, fr_gdcd, vald_strdt, vald_nddt, prst_lclcd, prst_mdccd, prst_smccd, rlpmi_fxamt_flgcd, gn_cncd, cvr_spcd, cpyt_flgcd, uiamt_stncd, cmp_trmcd, ward_diamt_flgcd, npp_hlprm_napc_flgcd, inp_usr_id, inp_dthms, mdf_usr_id, mdf_dthms)
VALUES('LBEZ0002', '임차자(화재) 배상책임', '임차자(화재) 배상책임', '임차자(화재) 배상책임', 'Liability for House Renter(due to Fire)', 'Liability for House Renter(due to Fire)', '0', NULL, NULL, '', '2022-06-01', '9999-12-31', NULL, NULL, NULL, '01', NULL, '0', '1', '0', '0', '0', '0', 'auto', now(), 'auto', now());
INSERT INTO igd_cvr
(cvrcd, cvr_prsnm, cvr_kornm, cvr_hngl_shtnm, cvr_ennm, cvr_eng_shtnm, indpd_trt_cvr_yn, cvr_perdt, cvr_xpnm, fr_gdcd, vald_strdt, vald_nddt, prst_lclcd, prst_mdccd, prst_smccd, rlpmi_fxamt_flgcd, gn_cncd, cvr_spcd, cpyt_flgcd, uiamt_stncd, cmp_trmcd, ward_diamt_flgcd, npp_hlprm_napc_flgcd, inp_usr_id, inp_dthms, mdf_usr_id, mdf_dthms)
VALUES('LBEZ0003', '특수건물 신체손해배상책임', '특수건물 신체손해배상책임', '특수건물 신체손해배상책임', 'Liability for Bodily Damage(for Certain building)', 'Liability for Bodily Damage(for Certain building)', '0', NULL, NULL, '', '2022-06-01', '9999-12-31', NULL, NULL, NULL, '01', NULL, '0', '1', '0', '0', '0', '0', 'auto', now(), 'auto', now());
INSERT INTO igd_cvr
(cvrcd, cvr_prsnm, cvr_kornm, cvr_hngl_shtnm, cvr_ennm, cvr_eng_shtnm, indpd_trt_cvr_yn, cvr_perdt, cvr_xpnm, fr_gdcd, vald_strdt, vald_nddt, prst_lclcd, prst_mdccd, prst_smccd, rlpmi_fxamt_flgcd, gn_cncd, cvr_spcd, cpyt_flgcd, uiamt_stncd, cmp_trmcd, ward_diamt_flgcd, npp_hlprm_napc_flgcd, inp_usr_id, inp_dthms, mdf_usr_id, mdf_dthms)
VALUES('LBEZ0004', '특수건물 화재대물배상책임', '특수건물 화재대물배상책임', '특수건물 화재대물배상책임', 'Liability for Property Damage for Certain building', 'Liability for Property Damage for Certain building', '0', NULL, NULL, '', '2022-06-01', '9999-12-31', NULL, NULL, NULL, '01', NULL, '0', '1', '0', '0', '0', '0', 'auto', now(), 'auto', now());
INSERT INTO igd_cvr
(cvrcd, cvr_prsnm, cvr_kornm, cvr_hngl_shtnm, cvr_ennm, cvr_eng_shtnm, indpd_trt_cvr_yn, cvr_perdt, cvr_xpnm, fr_gdcd, vald_strdt, vald_nddt, prst_lclcd, prst_mdccd, prst_smccd, rlpmi_fxamt_flgcd, gn_cncd, cvr_spcd, cpyt_flgcd, uiamt_stncd, cmp_trmcd, ward_diamt_flgcd, npp_hlprm_napc_flgcd, inp_usr_id, inp_dthms, mdf_usr_id, mdf_dthms)
VALUES('LBEZ0005', '가족 일상생활중 배상책임', '가족 일상생활중 배상책임', '가족 일상생활중 배상책임', 'Liability(Familiy)', 'Liability(Familiy)', '0', NULL, NULL, '', '2022-06-01', '9999-12-31', NULL, NULL, NULL, '01', '600', '0', '1', '0', '0', '0', '0', 'auto', now(), 'auto', now());
INSERT INTO igd_cvr
(cvrcd, cvr_prsnm, cvr_kornm, cvr_hngl_shtnm, cvr_ennm, cvr_eng_shtnm, indpd_trt_cvr_yn, cvr_perdt, cvr_xpnm, fr_gdcd, vald_strdt, vald_nddt, prst_lclcd, prst_mdccd, prst_smccd, rlpmi_fxamt_flgcd, gn_cncd, cvr_spcd, cpyt_flgcd, uiamt_stncd, cmp_trmcd, ward_diamt_flgcd, npp_hlprm_napc_flgcd, inp_usr_id, inp_dthms, mdf_usr_id, mdf_dthms)
VALUES('LBEZ0006', '가족 일상생활중 배상책임(화재(폭발포함)배상제외)', '가족 일상생활중 배상책임(화재(폭발포함)배상제외)', '가족 일상생활중 배상책임(화재(폭발포함)배상제외)', 'Liability(Familiy)(except Fire)', 'Liability(Familiy)(except Fire)', '0', NULL, NULL, '', '2022-06-01', '9999-12-31', NULL, NULL, NULL, '01', '600', '0', '1', '0', '0', '0', '0', 'auto', now(), 'auto', now());
INSERT INTO igd_cvr
(cvrcd, cvr_prsnm, cvr_kornm, cvr_hngl_shtnm, cvr_ennm, cvr_eng_shtnm, indpd_trt_cvr_yn, cvr_perdt, cvr_xpnm, fr_gdcd, vald_strdt, vald_nddt, prst_lclcd, prst_mdccd, prst_smccd, rlpmi_fxamt_flgcd, gn_cncd, cvr_spcd, cpyt_flgcd, uiamt_stncd, cmp_trmcd, ward_diamt_flgcd, npp_hlprm_napc_flgcd, inp_usr_id, inp_dthms, mdf_usr_id, mdf_dthms)
VALUES('LBFZ0001', '화재 및 붕괴 등의 손해(건물)', '화재 및 붕괴 등의 손해(건물)', '화재 및 붕괴 등의 손해(건물)', 'Damage from Fire(Building)', 'Damage from Fire(Building)', '0', NULL, NULL, '', '2022-06-01', '9999-12-31', NULL, NULL, NULL, '01', NULL, '0', '0', '0', '0', '0', '0', 'auto', now(), 'auto', now());
INSERT INTO igd_cvr
(cvrcd, cvr_prsnm, cvr_kornm, cvr_hngl_shtnm, cvr_ennm, cvr_eng_shtnm, indpd_trt_cvr_yn, cvr_perdt, cvr_xpnm, fr_gdcd, vald_strdt, vald_nddt, prst_lclcd, prst_mdccd, prst_smccd, rlpmi_fxamt_flgcd, gn_cncd, cvr_spcd, cpyt_flgcd, uiamt_stncd, cmp_trmcd, ward_diamt_flgcd, npp_hlprm_napc_flgcd, inp_usr_id, inp_dthms, mdf_usr_id, mdf_dthms)
VALUES('LBFZ0002', '화재 및 붕괴 등의 손해(가재)', '화재 및 붕괴 등의 손해(가재)', '화재 및 붕괴 등의 손해(가재)', 'Damage from Fire(Household Goods)', 'Damage from Fire(Household Goods)', '0', NULL, NULL, '', '2022-06-01', '9999-12-31', NULL, NULL, NULL, '01', NULL, '0', '0', '0', '0', '0', '0', 'auto', now(), 'auto', now());
INSERT INTO igd_cvr
(cvrcd, cvr_prsnm, cvr_kornm, cvr_hngl_shtnm, cvr_ennm, cvr_eng_shtnm, indpd_trt_cvr_yn, cvr_perdt, cvr_xpnm, fr_gdcd, vald_strdt, vald_nddt, prst_lclcd, prst_mdccd, prst_smccd, rlpmi_fxamt_flgcd, gn_cncd, cvr_spcd, cpyt_flgcd, uiamt_stncd, cmp_trmcd, ward_diamt_flgcd, npp_hlprm_napc_flgcd, inp_usr_id, inp_dthms, mdf_usr_id, mdf_dthms)
VALUES('LBFZ0003', '주택(화재 및 붕괴 등) 복구비용지원', '주택(화재 및 붕괴 등) 복구비용지원', '주택(화재 및 붕괴 등) 복구비용지원', 'Recovery Cost for housing(Fire damage)', 'Recovery Cost for housing(Fire damage)', '0', NULL, NULL, '', '2022-06-01', '9999-12-31', NULL, NULL, NULL, '01', NULL, '0', '0', '0', '0', '0', '0', 'auto', now(), 'auto', now());
INSERT INTO igd_cvr
(cvrcd, cvr_prsnm, cvr_kornm, cvr_hngl_shtnm, cvr_ennm, cvr_eng_shtnm, indpd_trt_cvr_yn, cvr_perdt, cvr_xpnm, fr_gdcd, vald_strdt, vald_nddt, prst_lclcd, prst_mdccd, prst_smccd, rlpmi_fxamt_flgcd, gn_cncd, cvr_spcd, cpyt_flgcd, uiamt_stncd, cmp_trmcd, ward_diamt_flgcd, npp_hlprm_napc_flgcd, inp_usr_id, inp_dthms, mdf_usr_id, mdf_dthms)
VALUES('LBFZ0004', '특수건물 풍수재손해', '특수건물 풍수재손해', '특수건물 풍수재손해', 'Damage from Windstorm and Flood(Certain building', 'Damage from Windstorm and Flood(Certain building', '0', NULL, NULL, '', '2022-06-01', '9999-12-31', NULL, NULL, NULL, '01', NULL, '0', '0', '0', '0', '0', '0', 'auto', now(), 'auto', now());
INSERT INTO igd_cvr
(cvrcd, cvr_prsnm, cvr_kornm, cvr_hngl_shtnm, cvr_ennm, cvr_eng_shtnm, indpd_trt_cvr_yn, cvr_perdt, cvr_xpnm, fr_gdcd, vald_strdt, vald_nddt, prst_lclcd, prst_mdccd, prst_smccd, rlpmi_fxamt_flgcd, gn_cncd, cvr_spcd, cpyt_flgcd, uiamt_stncd, cmp_trmcd, ward_diamt_flgcd, npp_hlprm_napc_flgcd, inp_usr_id, inp_dthms, mdf_usr_id, mdf_dthms)
VALUES('LBFZ0005', '비특수건물 풍수재손해', '비특수건물 풍수재손해', '비특수건물 풍수재손해', 'Damage from Windstorm and Flood(non-Certain building', 'Damage from Windstorm and Flood(non-Certain building', '0', NULL, NULL, '', '2022-06-01', '9999-12-31', NULL, NULL, NULL, '01', NULL, '0', '0', '0', '0', '0', '0', 'auto', now(), 'auto', now());
INSERT INTO igd_cvr
(cvrcd, cvr_prsnm, cvr_kornm, cvr_hngl_shtnm, cvr_ennm, cvr_eng_shtnm, indpd_trt_cvr_yn, cvr_perdt, cvr_xpnm, fr_gdcd, vald_strdt, vald_nddt, prst_lclcd, prst_mdccd, prst_smccd, rlpmi_fxamt_flgcd, gn_cncd, cvr_spcd, cpyt_flgcd, uiamt_stncd, cmp_trmcd, ward_diamt_flgcd, npp_hlprm_napc_flgcd, inp_usr_id, inp_dthms, mdf_usr_id, mdf_dthms)
VALUES('LBFZ0006', '도난손해(일반가재)', '도난손해(일반가재)', '도난손해(일반가재)', 'Loss of Robbery', 'Loss of Robbery', '0', NULL, NULL, '', '2022-06-01', '9999-12-31', NULL, NULL, NULL, '01', NULL, '0', '0', '0', '0', '0', '0', 'auto', now(), 'auto', now());
INSERT INTO igd_cvr
(cvrcd, cvr_prsnm, cvr_kornm, cvr_hngl_shtnm, cvr_ennm, cvr_eng_shtnm, indpd_trt_cvr_yn, cvr_perdt, cvr_xpnm, fr_gdcd, vald_strdt, vald_nddt, prst_lclcd, prst_mdccd, prst_smccd, rlpmi_fxamt_flgcd, gn_cncd, cvr_spcd, cpyt_flgcd, uiamt_stncd, cmp_trmcd, ward_diamt_flgcd, npp_hlprm_napc_flgcd, inp_usr_id, inp_dthms, mdf_usr_id, mdf_dthms)
VALUES('LBFZ0007', '도난손해(명기가재)', '도난손해(명기가재)', '도난손해(명기가재)', 'Loss of Robbery(Listed)', 'Loss of Robbery(Listed)', '0', NULL, NULL, '', '2022-06-01', '9999-12-31', NULL, NULL, NULL, '01', NULL, '0', '0', '0', '0', '0', '0', 'auto', now(), 'auto', now());
INSERT INTO igd_cvr
(cvrcd, cvr_prsnm, cvr_kornm, cvr_hngl_shtnm, cvr_ennm, cvr_eng_shtnm, indpd_trt_cvr_yn, cvr_perdt, cvr_xpnm, fr_gdcd, vald_strdt, vald_nddt, prst_lclcd, prst_mdccd, prst_smccd, rlpmi_fxamt_flgcd, gn_cncd, cvr_spcd, cpyt_flgcd, uiamt_stncd, cmp_trmcd, ward_diamt_flgcd, npp_hlprm_napc_flgcd, inp_usr_id, inp_dthms, mdf_usr_id, mdf_dthms)
VALUES('LBFZ0008', '급배수시설누출손해(자기부담금10%)', '급배수시설누출손해(자기부담금10%)', '급배수시설누출손해(자기부담금10%)', 'Damage from Leakage of Plumbing', 'Damage from Leakage of Plumbing', '0', NULL, NULL, '', '2022-06-01', '9999-12-31', NULL, NULL, NULL, '01', NULL, '0', '0', '0', '0', '0', '0', 'auto', now(), 'auto', now());
INSERT INTO igd_cvr
(cvrcd, cvr_prsnm, cvr_kornm, cvr_hngl_shtnm, cvr_ennm, cvr_eng_shtnm, indpd_trt_cvr_yn, cvr_perdt, cvr_xpnm, fr_gdcd, vald_strdt, vald_nddt, prst_lclcd, prst_mdccd, prst_smccd, rlpmi_fxamt_flgcd, gn_cncd, cvr_spcd, cpyt_flgcd, uiamt_stncd, cmp_trmcd, ward_diamt_flgcd, npp_hlprm_napc_flgcd, inp_usr_id, inp_dthms, mdf_usr_id, mdf_dthms)
VALUES('LBZZ9999', '적립', '적립', '적립', 'Saving', 'Saving', '0', NULL, NULL, '', '2022-06-01', '9999-12-31', NULL, NULL, NULL, NULL, NULL, NULL, NULL, NULL, NULL, NULL, NULL, 'auto', now(), 'auto', now());
INSERT INTO igd_cvr
(cvrcd, cvr_prsnm, cvr_kornm, cvr_hngl_shtnm, cvr_ennm, cvr_eng_shtnm, indpd_trt_cvr_yn, cvr_perdt, cvr_xpnm, fr_gdcd, vald_strdt, vald_nddt, prst_lclcd, prst_mdccd, prst_smccd, rlpmi_fxamt_flgcd, gn_cncd, cvr_spcd, cpyt_flgcd, uiamt_stncd, cmp_trmcd, ward_diamt_flgcd, npp_hlprm_napc_flgcd, inp_usr_id, inp_dthms, mdf_usr_id, mdf_dthms)
VALUES('LGEZ0001', '가족 일상생활중 배상책임', '가족 일상생활중 배상책임', '가족 일상생활중 배상책임', 'Liability(Familiy)', 'Liability(Familiy)', '0', NULL, NULL, '', '2022-06-01', '9999-12-31', NULL, NULL, NULL, '01', '600', '0', '1', '0', '0', '0', '0', 'auto', now(), 'auto', now());
INSERT INTO igd_cvr
(cvrcd, cvr_prsnm, cvr_kornm, cvr_hngl_shtnm, cvr_ennm, cvr_eng_shtnm, indpd_trt_cvr_yn, cvr_perdt, cvr_xpnm, fr_gdcd, vald_strdt, vald_nddt, prst_lclcd, prst_mdccd, prst_smccd, rlpmi_fxamt_flgcd, gn_cncd, cvr_spcd, cpyt_flgcd, uiamt_stncd, cmp_trmcd, ward_diamt_flgcd, npp_hlprm_napc_flgcd, inp_usr_id, inp_dthms, mdf_usr_id, mdf_dthms)
VALUES('LGEZ0002', '가족 일상생활중 배상책임(화재(폭발포함)배상제외)', '가족 일상생활중 배상책임(화재(폭발포함)배상제외)', '가족 일상생활중 배상책임(화재(폭발포함)배상제외)', 'Liability(Familiy)(except Fire)', 'Liability(Familiy)(except Fire)', '0', NULL, NULL, '', '2022-06-01', '9999-12-31', NULL, NULL, NULL, '01', '600', '0', '1', '0', '0', '0', '0', 'auto', now(), 'auto', now());
